legacy_dir,kind,slug,title,description,ftp_zip_path,ftp_thumb_path,storage_key,cover_storage_key,file_name,file_size_bytes,mime_type,is_published,sort_order
"0001","wallpaper","wallpaper-0001","PHONE WALLPAPER EPISODE #0001 | Smartphone Wallpaper (HD+QHD)","Download HD + QHD smartphone wallpapers for EPISODE #0001.","whatif-ep/the-club/uploads/0001/0001.zip","","club/wallpapers/0001/0001.zip","","0001.zip",8096445,"application/zip",true,1
"0002","wallpaper","wallpaper-0002","PHONE WALLPAPER EPISODE #0002 | Smartphone Wallpaper (HD+QHD)","Download HD + QHD smartphone wallpapers for EPISODE #0002.","whatif-ep/the-club/uploads/0002/0002.zip","","club/wallpapers/0002/0002.zip","","0002.zip",5424504,"application/zip",true,2
"0003","wallpaper","wallpaper-0003","PHONE WALLPAPER EPISODE #0003 | Smartphone Wallpaper (HD+QHD)","Download HD + QHD smartphone wallpapers for EPISODE #0003.","whatif-ep/the-club/uploads/0003/0003.zip","","club/wallpapers/0003/0003.zip","","0003.zip",8183778,"application/zip",true,3
"0004","wallpaper","wallpaper-0004","PHONE WALLPAPER EPISODE #0004 | Smartphone Wallpaper (HD+QHD)","Download HD + QHD smartphone wallpapers for EPISODE #0004.","whatif-ep/the-club/uploads/0004/0004.zip","","club/wallpapers/0004/0004.zip","","0004.zip",8777359,"application/zip",true,4
"0005","wallpaper","wallpaper-0005","PHONE WALLPAPER EPISODE #0005 | Smartphone Wallpaper (HD+QHD)","Download HD + QHD smartphone wallpapers for EPISODE #0005.","whatif-ep/the-club/uploads/0005/0005.zip","","club/wallpapers/0005/0005.zip","","0005.zip",8032099,"application/zip",true,5
"0006","wallpaper","wallpaper-0006","PHONE WALLPAPER EPISODE #0006 | Smartphone Wallpaper (HD+QHD)","Download HD + QHD smartphone wallpapers for EPISODE #0006.","whatif-ep/the-club/uploads/0006/0006.zip","","club/wallpapers/0006/0006.zip","","0006.zip",8064692,"application/zip",true,6
"0007","wallpaper","wallpaper-0007","PHONE WALLPAPER EPISODE #0007 | Smartphone Wallpaper (HD+QHD)","Download HD + QHD smartphone wallpapers for EPISODE #0007.","whatif-ep/the-club/uploads/0007/0007.zip","","club/wallpapers/0007/0007.zip","","0007.zip",4939851,"application/zip",true,7
"0008","wallpaper","wallpaper-0008","PHONE WALLPAPER EPISODE #0008 | Smartphone Wallpaper (HD+QHD)","Download HD + QHD smartphone wallpapers for EPISODE #0008.","whatif-ep/the-club/uploads/0008/0008.zip","","club/wallpapers/0008/0008.zip","","0008.zip",8578038,"application/zip",true,8
"0009","wallpaper","wallpaper-0009","PHONE WALLPAPER EPISODE #0009 | Smartphone Wallpaper (HD+QHD)","Download HD + QHD smartphone wallpapers for EPISODE #0009.","whatif-ep/the-club/uploads/0009/0009.zip","","club/wallpapers/0009/0009.zip","","0009.zip",5928420,"application/zip",true,9
"0010","wallpaper","wallpaper-0010","PHONE WALLPAPER EPISODE #0010 | Smartphone Wallpaper (HD+QHD)","Download HD + QHD smartphone wallpapers for EPISODE #0010.","whatif-ep/the-club/uploads/0010/0010.zip","","club/wallpapers/0010/0010.zip","","0010.zip",6940144,"application/zip",true,10
"0011","wallpaper","wallpaper-0011","PHONE WALLPAPER EPISODE #0011 | Smartphone Wallpaper (HD+QHD)","Download HD + QHD smartphone wallpapers for EPISODE #0011.","whatif-ep/the-club/uploads/0011/0011.zip","","club/wallpapers/0011/0011.zip","","0011.zip",7269632,"application/zip",true,11
"0012","wallpaper","wallpaper-0012","PHONE WALLPAPER EPISODE #0012 | Smartphone Wallpaper (HD+QHD)","Download HD + QHD smartphone wallpapers for EPISODE #0012.","whatif-ep/the-club/uploads/0012/0012.zip","","club/wallpapers/0012/0012.zip","","0012.zip",8319758,"application/zip",true,12
"0013","wallpaper","wallpaper-0013","PHONE WALLPAPER EPISODE #0013 | Smartphone Wallpaper (HD+QHD)","Download HD + QHD smartphone wallpapers for EPISODE #0013.","whatif-ep/the-club/uploads/0013/0013.zip","","club/wallpapers/0013/0013.zip","","0013.zip",5489966,"application/zip",true,13
"0014","wallpaper","wallpaper-0014","PHONE WALLPAPER EPISODE #0014 | Smartphone Wallpaper (HD+QHD)","Download HD + QHD smartphone wallpapers for EPISODE #0014.","whatif-ep/the-club/uploads/0014/0014.zip","","club/wallpapers/0014/0014.zip","","0014.zip",7959968,"application/zip",true,14
"0015","wallpaper","wallpaper-0015","PHONE WALLPAPER EPISODE #0015 | Smartphone Wallpaper (HD+QHD)","Download HD + QHD smartphone wallpapers for EPISODE #0015.","whatif-ep/the-club/uploads/0015/0015.zip","","club/wallpapers/0015/0015.zip","","0015.zip",7195313,"application/zip",true,15
"0016","wallpaper","wallpaper-0016","PHONE WALLPAPER EPISODE #0016 | Smartphone Wallpaper (HD+QHD)","Download HD + QHD smartphone wallpapers for EPISODE #0016.","whatif-ep/the-club/uploads/0016/0016.zip","","club/wallpapers/0016/0016.zip","","0016.zip",6386851,"application/zip",true,16
"0017","wallpaper","wallpaper-0017","PHONE WALLPAPER EPISODE #0017 | Smartphone Wallpaper (HD+QHD)","Download HD + QHD smartphone wallpapers for EPISODE #0017.","whatif-ep/the-club/uploads/0017/0017.zip","","club/wallpapers/0017/0017.zip","","0017.zip",7509434,"application/zip",true,17
"0018","wallpaper","wallpaper-0018","PHONE WALLPAPER EPISODE #0018 | Smartphone Wallpaper (HD+QHD)","Download HD + QHD smartphone wallpapers for EPISODE #0018.","whatif-ep/the-club/uploads/0018/0018.zip","","club/wallpapers/0018/0018.zip","","0018.zip",7015818,"application/zip",true,18
"0019","wallpaper","wallpaper-0019","PHONE WALLPAPER EPISODE #0019 | Smartphone Wallpaper (HD+QHD)","Download HD + QHD smartphone wallpapers for EPISODE #0019.","whatif-ep/the-club/uploads/0019/0019.zip","","club/wallpapers/0019/0019.zip","","0019.zip",6883656,"application/zip",true,19
"0020","wallpaper","wallpaper-0020","PHONE WALLPAPER EPISODE #0020 | Smartphone Wallpaper (HD+QHD)","Download HD + QHD smartphone wallpapers for EPISODE #0020.","whatif-ep/the-club/uploads/0020/0020.zip","","club/wallpapers/0020/0020.zip","","0020.zip",6558553,"application/zip",true,20
"0021","wallpaper","wallpaper-0021","PHONE WALLPAPER EPISODE #0021 | Smartphone Wallpaper (HD+QHD)","Download HD + QHD smartphone wallpapers for EPISODE #0021.","whatif-ep/the-club/uploads/0021/0021.zip","","club/wallpapers/0021/0021.zip","","0021.zip",7588621,"application/zip",true,21
"0022","wallpaper","wallpaper-0022","PHONE WALLPAPER EPISODE #0022 | Smartphone Wallpaper (HD+QHD)","Download HD + QHD smartphone wallpapers for EPISODE #0022.","whatif-ep/the-club/uploads/0022/0022.zip","","club/wallpapers/0022/0022.zip","","0022.zip",5495209,"application/zip",true,22
"0023","wallpaper","wallpaper-0023","PHONE WALLPAPER EPISODE #0023 | Smartphone Wallpaper (HD+QHD)","Download HD + QHD smartphone wallpapers for EPISODE #0023.","whatif-ep/the-club/uploads/0023/0023.zip","","club/wallpapers/0023/0023.zip","","0023.zip",8375771,"application/zip",true,23
"0024","wallpaper","wallpaper-0024","PHONE WALLPAPER EPISODE #0024 | Smartphone Wallpaper (HD+QHD)","Download HD + QHD smartphone wallpapers for EPISODE #0024.","whatif-ep/the-club/uploads/0024/0024.zip","","club/wallpapers/0024/0024.zip","","0024.zip",7637225,"application/zip",true,24
"0025","wallpaper","wallpaper-0025","PHONE WALLPAPER EPISODE #0025 | Smartphone Wallpaper (HD+QHD)","Download HD + QHD smartphone wallpapers for EPISODE #0025.","whatif-ep/the-club/uploads/0025/0025.zip","","club/wallpapers/0025/0025.zip","","0025.zip",4743157,"application/zip",true,25
"0026","wallpaper","wallpaper-0026","PHONE WALLPAPER EPISODE #0026 | Smartphone Wallpaper (HD+QHD)","Download HD + QHD smartphone wallpapers for EPISODE #0026.","whatif-ep/the-club/uploads/0026/0026.zip","","club/wallpapers/0026/0026.zip","","0026.zip",8537656,"application/zip",true,26
"0027","wallpaper","wallpaper-0027","PHONE WALLPAPER EPISODE #0027 | Smartphone Wallpaper (HD+QHD)","Download HD + QHD smartphone wallpapers for EPISODE #0027.","whatif-ep/the-club/uploads/0027/0027.zip","","club/wallpapers/0027/0027.zip","","0027.zip",5208820,"application/zip",true,27
"0028","wallpaper","wallpaper-0028","PHONE WALLPAPER EPISODE #0028 | Smartphone Wallpaper (HD+QHD)","Download HD + QHD smartphone wallpapers for EPISODE #0028.","whatif-ep/the-club/uploads/0028/0028.zip","","club/wallpapers/0028/0028.zip","","0028.zip",5190980,"application/zip",true,28
"0029","wallpaper","wallpaper-0029","PHONE WALLPAPER EPISODE #0029 | Smartphone Wallpaper (HD+QHD)","Download HD + QHD smartphone wallpapers for EPISODE #0029.","whatif-ep/the-club/uploads/0029/0029.zip","","club/wallpapers/0029/0029.zip","","0029.zip",7456603,"application/zip",true,29
"0030","wallpaper","wallpaper-0030","PHONE WALLPAPER EPISODE #0030 | Smartphone Wallpaper (HD+QHD)","Download HD + QHD smartphone wallpapers for EPISODE #0030.","whatif-ep/the-club/uploads/0030/0030.zip","","club/wallpapers/0030/0030.zip","","0030.zip",5798458,"application/zip",true,30
"0031","wallpaper","wallpaper-0031","PHONE WALLPAPER EPISODE #0031 | Smartphone Wallpaper (HD+QHD)","Download HD + QHD smartphone wallpapers for EPISODE #0031.","whatif-ep/the-club/uploads/0031/0031.zip","","club/wallpapers/0031/0031.zip","","0031.zip",6674847,"application/zip",true,31
"0032","wallpaper","wallpaper-0032","PHONE WALLPAPER EPISODE #0032 | Smartphone Wallpaper (HD+QHD)","Download HD + QHD smartphone wallpapers for EPISODE #0032.","whatif-ep/the-club/uploads/0032/0032.zip","","club/wallpapers/0032/0032.zip","","0032.zip",7958214,"application/zip",true,32
"0033","wallpaper","wallpaper-0033","PHONE WALLPAPER EPISODE #0033 | Smartphone Wallpaper (HD+QHD)","Download HD + QHD smartphone wallpapers for EPISODE #0033.","whatif-ep/the-club/uploads/0033/0033.zip","","club/wallpapers/0033/0033.zip","","0033.zip",7633528,"application/zip",true,33
"0034","wallpaper","wallpaper-0034","PHONE WALLPAPER EPISODE #0034 | Smartphone Wallpaper (HD+QHD)","Download HD + QHD smartphone wallpapers for EPISODE #0034.","whatif-ep/the-club/uploads/0034/0034.zip","","club/wallpapers/0034/0034.zip","","0034.zip",4544668,"application/zip",true,34
"0035","wallpaper","wallpaper-0035","PHONE WALLPAPER EPISODE #0035 | Smartphone Wallpaper (HD+QHD)","Download HD + QHD smartphone wallpapers for EPISODE #0035.","whatif-ep/the-club/uploads/0035/0035.zip","","club/wallpapers/0035/0035.zip","","0035.zip",7563322,"application/zip",true,35
"0036","wallpaper","wallpaper-0036","PHONE WALLPAPER EPISODE #0036 | Smartphone Wallpaper (HD+QHD)","Download HD + QHD smartphone wallpapers for EPISODE #0036.","whatif-ep/the-club/uploads/0036/0036.zip","","club/wallpapers/0036/0036.zip","","0036.zip",4125498,"application/zip",true,36
"0037","wallpaper","wallpaper-0037","PHONE WALLPAPER EPISODE #0037 | Smartphone Wallpaper (HD+QHD)","Download HD + QHD smartphone wallpapers for EPISODE #0037.","whatif-ep/the-club/uploads/0037/0037.zip","","club/wallpapers/0037/0037.zip","","0037.zip",7504727,"application/zip",true,37
"0038","wallpaper","wallpaper-0038","PHONE WALLPAPER EPISODE #0038 | Smartphone Wallpaper (HD+QHD)","Download HD + QHD smartphone wallpapers for EPISODE #0038.","whatif-ep/the-club/uploads/0038/0038.zip","","club/wallpapers/0038/0038.zip","","0038.zip",7503677,"application/zip",true,38
"0039","wallpaper","wallpaper-0039","PHONE WALLPAPER EPISODE #0039 | Smartphone Wallpaper (HD+QHD)","Download HD + QHD smartphone wallpapers for EPISODE #0039.","whatif-ep/the-club/uploads/0039/0039.zip","","club/wallpapers/0039/0039.zip","","0039.zip",7097024,"application/zip",true,39
"0040","wallpaper","wallpaper-0040","PHONE WALLPAPER EPISODE #0040 | Smartphone Wallpaper (HD+QHD)","Download HD + QHD smartphone wallpapers for EPISODE #0040.","whatif-ep/the-club/uploads/0040/0040.zip","","club/wallpapers/0040/0040.zip","","0040.zip",7739743,"application/zip",true,40
"0041","wallpaper","wallpaper-0041","PHONE WALLPAPER EPISODE #0041 | Smartphone Wallpaper (HD+QHD)","Download HD + QHD smartphone wallpapers for EPISODE #0041.","whatif-ep/the-club/uploads/0041/0041.zip","","club/wallpapers/0041/0041.zip","","0041.zip",4693852,"application/zip",true,41
"0042","wallpaper","wallpaper-0042","PHONE WALLPAPER EPISODE #0042 | Smartphone Wallpaper (HD+QHD)","Download HD + QHD smartphone wallpapers for EPISODE #0042.","whatif-ep/the-club/uploads/0042/0042.zip","","club/wallpapers/0042/0042.zip","","0042.zip",6229963,"application/zip",true,42
"0043","wallpaper","wallpaper-0043","PHONE WALLPAPER EPISODE #0043 | Smartphone Wallpaper (HD+QHD)","Download HD + QHD smartphone wallpapers for EPISODE #0043.","whatif-ep/the-club/uploads/0043/0043.zip","","club/wallpapers/0043/0043.zip","","0043.zip",6880433,"application/zip",true,43
"0044","wallpaper","wallpaper-0044","PHONE WALLPAPER EPISODE #0044 | Smartphone Wallpaper (HD+QHD)","Download HD + QHD smartphone wallpapers for EPISODE #0044.","whatif-ep/the-club/uploads/0044/0044.zip","","club/wallpapers/0044/0044.zip","","0044.zip",10127823,"application/zip",true,44
"0045","wallpaper","wallpaper-0045","PHONE WALLPAPER EPISODE #0045 | Smartphone Wallpaper (HD+QHD)","Download HD + QHD smartphone wallpapers for EPISODE #0045.","whatif-ep/the-club/uploads/0045/0045.zip","","club/wallpapers/0045/0045.zip","","0045.zip",5268291,"application/zip",true,45
"0046","wallpaper","wallpaper-0046","PHONE WALLPAPER EPISODE #0046 | Smartphone Wallpaper (HD+QHD)","Download HD + QHD smartphone wallpapers for EPISODE #0046.","whatif-ep/the-club/uploads/0046/0046.zip","","club/wallpapers/0046/0046.zip","","0046.zip",4001965,"application/zip",true,46
"0047","wallpaper","wallpaper-0047","PHONE WALLPAPER EPISODE #0047 | Smartphone Wallpaper (HD+QHD)","Download HD + QHD smartphone wallpapers for EPISODE #0047.","whatif-ep/the-club/uploads/0047/0047.zip","","club/wallpapers/0047/0047.zip","","0047.zip",7169242,"application/zip",true,47
"0048","wallpaper","wallpaper-0048","PHONE WALLPAPER EPISODE #0048 | Smartphone Wallpaper (HD+QHD)","Download HD + QHD smartphone wallpapers for EPISODE #0048.","whatif-ep/the-club/uploads/0048/0048.zip","","club/wallpapers/0048/0048.zip","","0048.zip",6471081,"application/zip",true,48
"0049","wallpaper","wallpaper-0049","PHONE WALLPAPER EPISODE #0049 | Smartphone Wallpaper (HD+QHD)","Download HD + QHD smartphone wallpapers for EPISODE #0049.","whatif-ep/the-club/uploads/0049/0049.zip","","club/wallpapers/0049/0049.zip","","0049.zip",9205660,"application/zip",true,49
"0050","wallpaper","wallpaper-0050","PHONE WALLPAPER EPISODE #0050 | Smartphone Wallpaper (HD+QHD)","Download HD + QHD smartphone wallpapers for EPISODE #0050.","whatif-ep/the-club/uploads/0050/0050.zip","","club/wallpapers/0050/0050.zip","","0050.zip",6679034,"application/zip",true,50
"0051","wallpaper","wallpaper-0051","PHONE WALLPAPER EPISODE #0051 | Smartphone Wallpaper (HD+QHD)","Download HD + QHD smartphone wallpapers for EPISODE #0051.","whatif-ep/the-club/uploads/0051/0051.zip","","club/wallpapers/0051/0051.zip","","0051.zip",5021390,"application/zip",true,51
"0052","wallpaper","wallpaper-0052","PHONE WALLPAPER EPISODE #0052 | Smartphone Wallpaper (HD+QHD)","Download HD + QHD smartphone wallpapers for EPISODE #0052.","whatif-ep/the-club/uploads/0052/0052.zip","","club/wallpapers/0052/0052.zip","","0052.zip",6228216,"application/zip",true,52
"0053","wallpaper","wallpaper-0053","PHONE WALLPAPER EPISODE #0053 | Smartphone Wallpaper (HD+QHD)","Download HD + QHD smartphone wallpapers for EPISODE #0053.","whatif-ep/the-club/uploads/0053/0053.zip","","club/wallpapers/0053/0053.zip","","0053.zip",6421182,"application/zip",true,53
"0054","wallpaper","wallpaper-0054","PHONE WALLPAPER EPISODE #0054 | Smartphone Wallpaper (HD+QHD)","Download HD + QHD smartphone wallpapers for EPISODE #0054.","whatif-ep/the-club/uploads/0054/0054.zip","","club/wallpapers/0054/0054.zip","","0054.zip",8138280,"application/zip",true,54
"0055","wallpaper","wallpaper-0055","PHONE WALLPAPER EPISODE #0055 | Smartphone Wallpaper (HD+QHD)","Download HD + QHD smartphone wallpapers for EPISODE #0055.","whatif-ep/the-club/uploads/0055/0055.zip","","club/wallpapers/0055/0055.zip","","0055.zip",7694368,"application/zip",true,55
"0056","wallpaper","wallpaper-0056","PHONE WALLPAPER EPISODE #0056 | Smartphone Wallpaper (HD+QHD)","Download HD + QHD smartphone wallpapers for EPISODE #0056.","whatif-ep/the-club/uploads/0056/0056.zip","","club/wallpapers/0056/0056.zip","","0056.zip",6969951,"application/zip",true,56
"0057","wallpaper","wallpaper-0057","PHONE WALLPAPER EPISODE #0057 | Smartphone Wallpaper (HD+QHD)","Download HD + QHD smartphone wallpapers for EPISODE #0057.","whatif-ep/the-club/uploads/0057/0057.zip","","club/wallpapers/0057/0057.zip","","0057.zip",9083247,"application/zip",true,57
"0058","wallpaper","wallpaper-0058","PHONE WALLPAPER EPISODE #0058 | Smartphone Wallpaper (HD+QHD)","Download HD + QHD smartphone wallpapers for EPISODE #0058.","whatif-ep/the-club/uploads/0058/0058.zip","","club/wallpapers/0058/0058.zip","","0058.zip",9050634,"application/zip",true,58
"0059","wallpaper","wallpaper-0059","PHONE WALLPAPER EPISODE #0059 | Smartphone Wallpaper (HD+QHD)","Download HD + QHD smartphone wallpapers for EPISODE #0059.","whatif-ep/the-club/uploads/0059/0059.zip","","club/wallpapers/0059/0059.zip","","0059.zip",6886610,"application/zip",true,59
"0060","wallpaper","wallpaper-0060","PHONE WALLPAPER EPISODE #0060 | Smartphone Wallpaper (HD+QHD)","Download HD + QHD smartphone wallpapers for EPISODE #0060.","whatif-ep/the-club/uploads/0060/0060.zip","","club/wallpapers/0060/0060.zip","","0060.zip",8624348,"application/zip",true,60
"0121","wallpaper","wallpaper-0121","PHONE WALLPAPER EPISODE #0121 | Smartphone Wallpaper (HD+QHD)","Download HD + QHD smartphone wallpapers for EPISODE #0121.","whatif-ep/the-club/uploads/0121/0121.zip","whatif-ep/the-club/uploads/0121/0121thumb.jpg","club/wallpapers/0121/0121.zip","club/wallpapers/0121/0121thumb.jpg","0121.zip",7058444,"application/zip",true,121
"0122","wallpaper","wallpaper-0122","PHONE WALLPAPER EPISODE #0122 | Smartphone Wallpaper (HD+QHD)","Download HD + QHD smartphone wallpapers for EPISODE #0122.","whatif-ep/the-club/uploads/0122/0122.zip","whatif-ep/the-club/uploads/0122/0122thumb.jpg","club/wallpapers/0122/0122.zip","club/wallpapers/0122/0122thumb.jpg","0122.zip",6340107,"application/zip",true,122
"0123","wallpaper","wallpaper-0123","PHONE WALLPAPER EPISODE #0123 | Smartphone Wallpaper (HD+QHD)","Download HD + QHD smartphone wallpapers for EPISODE #0123.","whatif-ep/the-club/uploads/0123/0123.zip","whatif-ep/the-club/uploads/0123/0123thumb.jpg","club/wallpapers/0123/0123.zip","club/wallpapers/0123/0123thumb.jpg","0123.zip",6415307,"application/zip",true,123
"0124","wallpaper","wallpaper-0124","PHONE WALLPAPER EPISODE #0124 | Smartphone Wallpaper (HD+QHD)","Download HD + QHD smartphone wallpapers for EPISODE #0124.","whatif-ep/the-club/uploads/0124/0124.zip","whatif-ep/the-club/uploads/0124/0124thumb.jpg","club/wallpapers/0124/0124.zip","club/wallpapers/0124/0124thumb.jpg","0124.zip",8823258,"application/zip",true,124
"0125","wallpaper","wallpaper-0125","PHONE WALLPAPER EPISODE #0125 | Smartphone Wallpaper (HD+QHD)","Download HD + QHD smartphone wallpapers for EPISODE #0125.","whatif-ep/the-club/uploads/0125/0125.zip","whatif-ep/the-club/uploads/0125/0125thumb.jpg","club/wallpapers/0125/0125.zip","club/wallpapers/0125/0125thumb.jpg","0125.zip",9280858,"application/zip",true,125
"0126","wallpaper","wallpaper-0126","PHONE WALLPAPER EPISODE #0126 | Smartphone Wallpaper (HD+QHD)","Download HD + QHD smartphone wallpapers for EPISODE #0126.","whatif-ep/the-club/uploads/0126/0126.zip","whatif-ep/the-club/uploads/0126/0126thumb.jpg","club/wallpapers/0126/0126.zip","club/wallpapers/0126/0126thumb.jpg","0126.zip",7046414,"application/zip",true,126
"0127","wallpaper","wallpaper-0127","PHONE WALLPAPER EPISODE #0127 | Smartphone Wallpaper (HD+QHD)","Download HD + QHD smartphone wallpapers for EPISODE #0127.","whatif-ep/the-club/uploads/0127/0127.zip","whatif-ep/the-club/uploads/0127/0127thumb.jpg","club/wallpapers/0127/0127.zip","club/wallpapers/0127/0127thumb.jpg","0127.zip",6350034,"application/zip",true,127
"0128","wallpaper","wallpaper-0128","PHONE WALLPAPER EPISODE #0128 | Smartphone Wallpaper (HD+QHD)","Download HD + QHD smartphone wallpapers for EPISODE #0128.","whatif-ep/the-club/uploads/0128/0128.zip","whatif-ep/the-club/uploads/0128/0128thumb.jpg","club/wallpapers/0128/0128.zip","club/wallpapers/0128/0128thumb.jpg","0128.zip",7444642,"application/zip",true,128
"0129","wallpaper","wallpaper-0129","PHONE WALLPAPER EPISODE #0129 | Smartphone Wallpaper (HD+QHD)","Download HD + QHD smartphone wallpapers for EPISODE #0129.","whatif-ep/the-club/uploads/0129/0129.zip","whatif-ep/the-club/uploads/0129/0129thumb.jpg","club/wallpapers/0129/0129.zip","club/wallpapers/0129/0129thumb.jpg","0129.zip",3795330,"application/zip",true,129
"0130","wallpaper","wallpaper-0130","PHONE WALLPAPER EPISODE #0130 | Smartphone Wallpaper (HD+QHD)","Download HD + QHD smartphone wallpapers for EPISODE #0130.","whatif-ep/the-club/uploads/0130/0130.zip","whatif-ep/the-club/uploads/0130/0130thumb.jpg","club/wallpapers/0130/0130.zip","club/wallpapers/0130/0130thumb.jpg","0130.zip",5699954,"application/zip",true,130
"0211","wallpaper","wallpaper-0211","PHONE WALLPAPER EPISODE #0211 | Smartphone Wallpaper (HD+QHD)","Download HD + QHD smartphone wallpapers for EPISODE #0211.","whatif-ep/the-club/uploads/0211/0211.zip","whatif-ep/the-club/uploads/0211/0211thumb.jpg","club/wallpapers/0211/0211.zip","club/wallpapers/0211/0211thumb.jpg","0211.zip",7963292,"application/zip",true,211
"0212","wallpaper","wallpaper-0212","PHONE WALLPAPER EPISODE #0212 | Smartphone Wallpaper (HD+QHD)","Download HD + QHD smartphone wallpapers for EPISODE #0212.","whatif-ep/the-club/uploads/0212/0212.zip","whatif-ep/the-club/uploads/0212/0212thumb.jpg","club/wallpapers/0212/0212.zip","club/wallpapers/0212/0212thumb.jpg","0212.zip",5193368,"application/zip",true,212
"0214","wallpaper","wallpaper-0214","PHONE WALLPAPER EPISODE #0214 | Smartphone Wallpaper (HD+QHD)","Download HD + QHD smartphone wallpapers for EPISODE #0214.","whatif-ep/the-club/uploads/0214/0214.zip","whatif-ep/the-club/uploads/0214/0214thumb.jpg","club/wallpapers/0214/0214.zip","club/wallpapers/0214/0214thumb.jpg","0214.zip",5938435,"application/zip",true,214
"0215","wallpaper","wallpaper-0215","PHONE WALLPAPER EPISODE #0215 | Smartphone Wallpaper (HD+QHD)","Download HD + QHD smartphone wallpapers for EPISODE #0215.","whatif-ep/the-club/uploads/0215/0215.zip","whatif-ep/the-club/uploads/0215/0215thumb.jpg","club/wallpapers/0215/0215.zip","club/wallpapers/0215/0215thumb.jpg","0215.zip",5865312,"application/zip",true,215
"0216","wallpaper","wallpaper-0216","PHONE WALLPAPER EPISODE #0216 | Smartphone Wallpaper (HD+QHD)","Download HD + QHD smartphone wallpapers for EPISODE #0216.","whatif-ep/the-club/uploads/0216/0216.zip","whatif-ep/the-club/uploads/0216/0216thumb.jpg","club/wallpapers/0216/0216.zip","club/wallpapers/0216/0216thumb.jpg","0216.zip",6638693,"application/zip",true,216
"0217","wallpaper","wallpaper-0217","PHONE WALLPAPER EPISODE #0217 | Smartphone Wallpaper (HD+QHD)","Download HD + QHD smartphone wallpapers for EPISODE #0217.","whatif-ep/the-club/uploads/0217/0217.zip","whatif-ep/the-club/uploads/0217/0217thumb.jpg","club/wallpapers/0217/0217.zip","club/wallpapers/0217/0217thumb.jpg","0217.zip",7022882,"application/zip",true,217
"0218","wallpaper","wallpaper-0218","PHONE WALLPAPER EPISODE #0218 | Smartphone Wallpaper (HD+QHD)","Download HD + QHD smartphone wallpapers for EPISODE #0218.","whatif-ep/the-club/uploads/0218/0218.zip","whatif-ep/the-club/uploads/0218/0218thumb.jpg","club/wallpapers/0218/0218.zip","club/wallpapers/0218/0218thumb.jpg","0218.zip",9336235,"application/zip",true,218
"0219","wallpaper","wallpaper-0219","PHONE WALLPAPER EPISODE #0219 | Smartphone Wallpaper (HD+QHD)","Download HD + QHD smartphone wallpapers for EPISODE #0219.","whatif-ep/the-club/uploads/0219/0219.zip","whatif-ep/the-club/uploads/0219/0219thumb.jpg","club/wallpapers/0219/0219.zip","club/wallpapers/0219/0219thumb.jpg","0219.zip",6885425,"application/zip",true,219
"0220","wallpaper","wallpaper-0220","PHONE WALLPAPER EPISODE #0220 | Smartphone Wallpaper (HD+QHD)","Download HD + QHD smartphone wallpapers for EPISODE #0220.","whatif-ep/the-club/uploads/0220/0220.zip","whatif-ep/the-club/uploads/0220/0220thumb.jpg","club/wallpapers/0220/0220.zip","club/wallpapers/0220/0220thumb.jpg","0220.zip",4617267,"application/zip",true,220
"0221","wallpaper","wallpaper-0221","PHONE WALLPAPER EPISODE #0221 | Smartphone Wallpaper (HD+QHD)","Download HD + QHD smartphone wallpapers for EPISODE #0221.","whatif-ep/the-club/uploads/0221/0221.zip","whatif-ep/the-club/uploads/0221/0221thumb.jpg","club/wallpapers/0221/0221.zip","club/wallpapers/0221/0221thumb.jpg","0221.zip",5093173,"application/zip",true,221
"0222","wallpaper","wallpaper-0222","PHONE WALLPAPER EPISODE #0222 | Smartphone Wallpaper (HD+QHD)","Download HD + QHD smartphone wallpapers for EPISODE #0222.","whatif-ep/the-club/uploads/0222/0222.zip","whatif-ep/the-club/uploads/0222/0222thumb.jpg","club/wallpapers/0222/0222.zip","club/wallpapers/0222/0222thumb.jpg","0222.zip",4722132,"application/zip",true,222
"0223","wallpaper","wallpaper-0223","PHONE WALLPAPER EPISODE #0223 | Smartphone Wallpaper (HD+QHD)","Download HD + QHD smartphone wallpapers for EPISODE #0223.","whatif-ep/the-club/uploads/0223/0223.zip","whatif-ep/the-club/uploads/0223/0223thumb.jpg","club/wallpapers/0223/0223.zip","club/wallpapers/0223/0223thumb.jpg","0223.zip",3631151,"application/zip",true,223
"0224","wallpaper","wallpaper-0224","PHONE WALLPAPER EPISODE #0224 | Smartphone Wallpaper (HD+QHD)","Download HD + QHD smartphone wallpapers for EPISODE #0224.","whatif-ep/the-club/uploads/0224/0224.zip","whatif-ep/the-club/uploads/0224/0224thumb.jpg","club/wallpapers/0224/0224.zip","club/wallpapers/0224/0224thumb.jpg","0224.zip",6709746,"application/zip",true,224
"0225","wallpaper","wallpaper-0225","PHONE WALLPAPER EPISODE #0225 | Smartphone Wallpaper (HD+QHD)","Download HD + QHD smartphone wallpapers for EPISODE #0225.","whatif-ep/the-club/uploads/0225/0225.zip","whatif-ep/the-club/uploads/0225/0225thumb.jpg","club/wallpapers/0225/0225.zip","club/wallpapers/0225/0225thumb.jpg","0225.zip",4688995,"application/zip",true,225
"0226","wallpaper","wallpaper-0226","PHONE WALLPAPER EPISODE #0226 | Smartphone Wallpaper (HD+QHD)","Download HD + QHD smartphone wallpapers for EPISODE #0226.","whatif-ep/the-club/uploads/0226/0226.zip","whatif-ep/the-club/uploads/0226/0226thumb.jpg","club/wallpapers/0226/0226.zip","club/wallpapers/0226/0226thumb.jpg","0226.zip",3522334,"application/zip",true,226
"0227","wallpaper","wallpaper-0227","PHONE WALLPAPER EPISODE #0227 | Smartphone Wallpaper (HD+QHD)","Download HD + QHD smartphone wallpapers for EPISODE #0227.","whatif-ep/the-club/uploads/0227/0227.zip","whatif-ep/the-club/uploads/0227/0227thumb.jpg","club/wallpapers/0227/0227.zip","club/wallpapers/0227/0227thumb.jpg","0227.zip",5771768,"application/zip",true,227
"0228","wallpaper","wallpaper-0228","PHONE WALLPAPER EPISODE #0228 | Smartphone Wallpaper (HD+QHD)","Download HD + QHD smartphone wallpapers for EPISODE #0228.","whatif-ep/the-club/uploads/0228/0228.zip","whatif-ep/the-club/uploads/0228/0228thumb.jpg","club/wallpapers/0228/0228.zip","club/wallpapers/0228/0228thumb.jpg","0228.zip",5885811,"application/zip",true,228
"0229","wallpaper","wallpaper-0229","PHONE WALLPAPER EPISODE #0229 | Smartphone Wallpaper (HD+QHD)","Download HD + QHD smartphone wallpapers for EPISODE #0229.","whatif-ep/the-club/uploads/0229/0229.zip","whatif-ep/the-club/uploads/0229/0229thumb.jpg","club/wallpapers/0229/0229.zip","club/wallpapers/0229/0229thumb.jpg","0229.zip",7288288,"application/zip",true,229
"0230","wallpaper","wallpaper-0230","PHONE WALLPAPER EPISODE #0230 | Smartphone Wallpaper (HD+QHD)","Download HD + QHD smartphone wallpapers for EPISODE #0230.","whatif-ep/the-club/uploads/0230/0230.zip","whatif-ep/the-club/uploads/0230/0230thumb.jpg","club/wallpapers/0230/0230.zip","club/wallpapers/0230/0230thumb.jpg","0230.zip",8405496,"application/zip",true,230
"0231","wallpaper","wallpaper-0231","PHONE WALLPAPER EPISODE #0231 | Smartphone Wallpaper (HD+QHD)","Download HD + QHD smartphone wallpapers for EPISODE #0231.","whatif-ep/the-club/uploads/0231/0231.zip","whatif-ep/the-club/uploads/0231/0231thumb.jpg","club/wallpapers/0231/0231.zip","club/wallpapers/0231/0231thumb.jpg","0231.zip",6074568,"application/zip",true,231
"0232","wallpaper","wallpaper-0232","PHONE WALLPAPER EPISODE #0232 | Smartphone Wallpaper (HD+QHD)","Download HD + QHD smartphone wallpapers for EPISODE #0232.","whatif-ep/the-club/uploads/0232/0232.zip","whatif-ep/the-club/uploads/0232/0232thumb.jpg","club/wallpapers/0232/0232.zip","club/wallpapers/0232/0232thumb.jpg","0232.zip",8251034,"application/zip",true,232
"0233","wallpaper","wallpaper-0233","PHONE WALLPAPER EPISODE #0233 | Smartphone Wallpaper (HD+QHD)","Download HD + QHD smartphone wallpapers for EPISODE #0233.","whatif-ep/the-club/uploads/0233/0233.zip","whatif-ep/the-club/uploads/0233/0233thumb.jpg","club/wallpapers/0233/0233.zip","club/wallpapers/0233/0233thumb.jpg","0233.zip",5739457,"application/zip",true,233
"0234","wallpaper","wallpaper-0234","PHONE WALLPAPER EPISODE #0234 | Smartphone Wallpaper (HD+QHD)","Download HD + QHD smartphone wallpapers for EPISODE #0234.","whatif-ep/the-club/uploads/0234/0234.zip","whatif-ep/the-club/uploads/0234/0234thumb.jpg","club/wallpapers/0234/0234.zip","club/wallpapers/0234/0234thumb.jpg","0234.zip",5149783,"application/zip",true,234
"0235","wallpaper","wallpaper-0235","PHONE WALLPAPER EPISODE #0235 | Smartphone Wallpaper (HD+QHD)","Download HD + QHD smartphone wallpapers for EPISODE #0235.","whatif-ep/the-club/uploads/0235/0235.zip","whatif-ep/the-club/uploads/0235/0235thumb.jpg","club/wallpapers/0235/0235.zip","club/wallpapers/0235/0235thumb.jpg","0235.zip",4620281,"application/zip",true,235
"0236","wallpaper","wallpaper-0236","PHONE WALLPAPER EPISODE #0236 | Smartphone Wallpaper (HD+QHD)","Download HD + QHD smartphone wallpapers for EPISODE #0236.","whatif-ep/the-club/uploads/0236/0236.zip","whatif-ep/the-club/uploads/0236/0236thumb.jpg","club/wallpapers/0236/0236.zip","club/wallpapers/0236/0236thumb.jpg","0236.zip",4840659,"application/zip",true,236
"0237","wallpaper","wallpaper-0237","PHONE WALLPAPER EPISODE #0237 | Smartphone Wallpaper (HD+QHD)","Download HD + QHD smartphone wallpapers for EPISODE #0237.","whatif-ep/the-club/uploads/0237/0237.zip","whatif-ep/the-club/uploads/0237/0237thumb.jpg","club/wallpapers/0237/0237.zip","club/wallpapers/0237/0237thumb.jpg","0237.zip",6058327,"application/zip",true,237
"0238","wallpaper","wallpaper-0238","PHONE WALLPAPER EPISODE #0238 | Smartphone Wallpaper (HD+QHD)","Download HD + QHD smartphone wallpapers for EPISODE #0238.","whatif-ep/the-club/uploads/0238/0238.zip","whatif-ep/the-club/uploads/0238/0238thumb.jpg","club/wallpapers/0238/0238.zip","club/wallpapers/0238/0238thumb.jpg","0238.zip",3870853,"application/zip",true,238
"0239","wallpaper","wallpaper-0239","PHONE WALLPAPER EPISODE #0239 | Smartphone Wallpaper (HD+QHD)","Download HD + QHD smartphone wallpapers for EPISODE #0239.","whatif-ep/the-club/uploads/0239/0239.zip","whatif-ep/the-club/uploads/0239/0239thumb.jpg","club/wallpapers/0239/0239.zip","club/wallpapers/0239/0239thumb.jpg","0239.zip",5080534,"application/zip",true,239
"0240","wallpaper","wallpaper-0240","PHONE WALLPAPER EPISODE #0240 | Smartphone Wallpaper (HD+QHD)","Download HD + QHD smartphone wallpapers for EPISODE #0240.","whatif-ep/the-club/uploads/0240/0240.zip","whatif-ep/the-club/uploads/0240/0240thumb.jpg","club/wallpapers/0240/0240.zip","club/wallpapers/0240/0240thumb.jpg","0240.zip",6532363,"application/zip",true,240
"0271","wallpaper","wallpaper-0271","PHONE WALLPAPER EPISODE #0271 | Smartphone Wallpaper (HD+QHD)","Download HD + QHD smartphone wallpapers for EPISODE #0271.","whatif-ep/the-club/uploads/0271/0271.zip","whatif-ep/the-club/uploads/0271/0271thumb.jpg","club/wallpapers/0271/0271.zip","club/wallpapers/0271/0271thumb.jpg","0271.zip",3460186,"application/zip",true,271
"0272","wallpaper","wallpaper-0272","PHONE WALLPAPER EPISODE #0272 | Smartphone Wallpaper (HD+QHD)","Download HD + QHD smartphone wallpapers for EPISODE #0272.","whatif-ep/the-club/uploads/0272/0272.zip","whatif-ep/the-club/uploads/0272/0272thumb.jpg","club/wallpapers/0272/0272.zip","club/wallpapers/0272/0272thumb.jpg","0272.zip",9043364,"application/zip",true,272
"0273","wallpaper","wallpaper-0273","PHONE WALLPAPER EPISODE #0273 | Smartphone Wallpaper (HD+QHD)","Download HD + QHD smartphone wallpapers for EPISODE #0273.","whatif-ep/the-club/uploads/0273/0273.zip","whatif-ep/the-club/uploads/0273/0273thumb.jpg","club/wallpapers/0273/0273.zip","club/wallpapers/0273/0273thumb.jpg","0273.zip",6418955,"application/zip",true,273
"0274","wallpaper","wallpaper-0274","PHONE WALLPAPER EPISODE #0274 | Smartphone Wallpaper (HD+QHD)","Download HD + QHD smartphone wallpapers for EPISODE #0274.","whatif-ep/the-club/uploads/0274/0274.zip","whatif-ep/the-club/uploads/0274/0274thumb.jpg","club/wallpapers/0274/0274.zip","club/wallpapers/0274/0274thumb.jpg","0274.zip",8444259,"application/zip",true,274
"0275","wallpaper","wallpaper-0275","PHONE WALLPAPER EPISODE #0275 | Smartphone Wallpaper (HD+QHD)","Download HD + QHD smartphone wallpapers for EPISODE #0275.","whatif-ep/the-club/uploads/0275/0275.zip","whatif-ep/the-club/uploads/0275/0275thumb.jpg","club/wallpapers/0275/0275.zip","club/wallpapers/0275/0275thumb.jpg","0275.zip",7898786,"application/zip",true,275
"0276","wallpaper","wallpaper-0276","PHONE WALLPAPER EPISODE #0276 | Smartphone Wallpaper (HD+QHD)","Download HD + QHD smartphone wallpapers for EPISODE #0276.","whatif-ep/the-club/uploads/0276/0276.zip","whatif-ep/the-club/uploads/0276/0276thumb.jpg","club/wallpapers/0276/0276.zip","club/wallpapers/0276/0276thumb.jpg","0276.zip",2553496,"application/zip",true,276
"0277","wallpaper","wallpaper-0277","PHONE WALLPAPER EPISODE #0277 | Smartphone Wallpaper (HD+QHD)","Download HD + QHD smartphone wallpapers for EPISODE #0277.","whatif-ep/the-club/uploads/0277/0277.zip","whatif-ep/the-club/uploads/0277/0277thumb.jpg","club/wallpapers/0277/0277.zip","club/wallpapers/0277/0277thumb.jpg","0277.zip",6909494,"application/zip",true,277
"0278","wallpaper","wallpaper-0278","PHONE WALLPAPER EPISODE #0278 | Smartphone Wallpaper (HD+QHD)","Download HD + QHD smartphone wallpapers for EPISODE #0278.","whatif-ep/the-club/uploads/0278/0278.zip","whatif-ep/the-club/uploads/0278/0278thumb.jpg","club/wallpapers/0278/0278.zip","club/wallpapers/0278/0278thumb.jpg","0278.zip",4002458,"application/zip",true,278
"0279","wallpaper","wallpaper-0279","PHONE WALLPAPER EPISODE #0279 | Smartphone Wallpaper (HD+QHD)","Download HD + QHD smartphone wallpapers for EPISODE #0279.","whatif-ep/the-club/uploads/0279/0279.zip","whatif-ep/the-club/uploads/0279/0279thumb.jpg","club/wallpapers/0279/0279.zip","club/wallpapers/0279/0279thumb.jpg","0279.zip",5510777,"application/zip",true,279
"0280","wallpaper","wallpaper-0280","PHONE WALLPAPER EPISODE #0280 | Smartphone Wallpaper (HD+QHD)","Download HD + QHD smartphone wallpapers for EPISODE #0280.","whatif-ep/the-club/uploads/0280/0280.zip","whatif-ep/the-club/uploads/0280/0280thumb.jpg","club/wallpapers/0280/0280.zip","club/wallpapers/0280/0280thumb.jpg","0280.zip",4550266,"application/zip",true,280
"0281","wallpaper","wallpaper-0281","PHONE WALLPAPER EPISODE #0281 | Smartphone Wallpaper (HD+QHD)","Download HD + QHD smartphone wallpapers for EPISODE #0281.","whatif-ep/the-club/uploads/0281/0281.zip","whatif-ep/the-club/uploads/0281/0281thumb.jpg","club/wallpapers/0281/0281.zip","club/wallpapers/0281/0281thumb.jpg","0281.zip",4953757,"application/zip",true,281
"0282","wallpaper","wallpaper-0282","PHONE WALLPAPER EPISODE #0282 | Smartphone Wallpaper (HD+QHD)","Download HD + QHD smartphone wallpapers for EPISODE #0282.","whatif-ep/the-club/uploads/0282/0282.zip","whatif-ep/the-club/uploads/0282/0282thumb.jpg","club/wallpapers/0282/0282.zip","club/wallpapers/0282/0282thumb.jpg","0282.zip",6605120,"application/zip",true,282
"0283","wallpaper","wallpaper-0283","PHONE WALLPAPER EPISODE #0283 | Smartphone Wallpaper (HD+QHD)","Download HD + QHD smartphone wallpapers for EPISODE #0283.","whatif-ep/the-club/uploads/0283/0283.zip","whatif-ep/the-club/uploads/0283/0283thumb.jpg","club/wallpapers/0283/0283.zip","club/wallpapers/0283/0283thumb.jpg","0283.zip",8843454,"application/zip",true,283
"0284","wallpaper","wallpaper-0284","PHONE WALLPAPER EPISODE #0284 | Smartphone Wallpaper (HD+QHD)","Download HD + QHD smartphone wallpapers for EPISODE #0284.","whatif-ep/the-club/uploads/0284/0284.zip","whatif-ep/the-club/uploads/0284/0284thumb.jpg","club/wallpapers/0284/0284.zip","club/wallpapers/0284/0284thumb.jpg","0284.zip",4493590,"application/zip",true,284
"0285","wallpaper","wallpaper-0285","PHONE WALLPAPER EPISODE #0285 | Smartphone Wallpaper (HD+QHD)","Download HD + QHD smartphone wallpapers for EPISODE #0285.","whatif-ep/the-club/uploads/0285/0285.zip","whatif-ep/the-club/uploads/0285/0285thumb.jpg","club/wallpapers/0285/0285.zip","club/wallpapers/0285/0285thumb.jpg","0285.zip",7776335,"application/zip",true,285
"0286","wallpaper","wallpaper-0286","PHONE WALLPAPER EPISODE #0286 | Smartphone Wallpaper (HD+QHD)","Download HD + QHD smartphone wallpapers for EPISODE #0286.","whatif-ep/the-club/uploads/0286/0286.zip","whatif-ep/the-club/uploads/0286/0286thumb.jpg","club/wallpapers/0286/0286.zip","club/wallpapers/0286/0286thumb.jpg","0286.zip",3811473,"application/zip",true,286
"0287","wallpaper","wallpaper-0287","PHONE WALLPAPER EPISODE #0287 | Smartphone Wallpaper (HD+QHD)","Download HD + QHD smartphone wallpapers for EPISODE #0287.","whatif-ep/the-club/uploads/0287/0287.zip","whatif-ep/the-club/uploads/0287/0287thumb.jpg","club/wallpapers/0287/0287.zip","club/wallpapers/0287/0287thumb.jpg","0287.zip",3500563,"application/zip",true,287
"0288","wallpaper","wallpaper-0288","PHONE WALLPAPER EPISODE #0288 | Smartphone Wallpaper (HD+QHD)","Download HD + QHD smartphone wallpapers for EPISODE #0288.","whatif-ep/the-club/uploads/0288/0288.zip","whatif-ep/the-club/uploads/0288/0288thumb.jpg","club/wallpapers/0288/0288.zip","club/wallpapers/0288/0288thumb.jpg","0288.zip",5069281,"application/zip",true,288
"0289","wallpaper","wallpaper-0289","PHONE WALLPAPER EPISODE #0289 | Smartphone Wallpaper (HD+QHD)","Download HD + QHD smartphone wallpapers for EPISODE #0289.","whatif-ep/the-club/uploads/0289/0289.zip","whatif-ep/the-club/uploads/0289/0289thumb.jpg","club/wallpapers/0289/0289.zip","club/wallpapers/0289/0289thumb.jpg","0289.zip",8799284,"application/zip",true,289
"0290","wallpaper","wallpaper-0290","PHONE WALLPAPER EPISODE #0290 | Smartphone Wallpaper (HD+QHD)","Download HD + QHD smartphone wallpapers for EPISODE #0290.","whatif-ep/the-club/uploads/0290/0290.zip","whatif-ep/the-club/uploads/0290/0290thumb.jpg","club/wallpapers/0290/0290.zip","club/wallpapers/0290/0290thumb.jpg","0290.zip",5348617,"application/zip",true,290
"0291","wallpaper","wallpaper-0291","PHONE WALLPAPER EPISODE #0291 | Smartphone Wallpaper (HD+QHD)","Download HD + QHD smartphone wallpapers for EPISODE #0291.","whatif-ep/the-club/uploads/0291/0291.zip","","club/wallpapers/0291/0291.zip","","0291.zip",4192816,"application/zip",true,291
"0292","wallpaper","wallpaper-0292","PHONE WALLPAPER EPISODE #0292 | Smartphone Wallpaper (HD+QHD)","Download HD + QHD smartphone wallpapers for EPISODE #0292.","whatif-ep/the-club/uploads/0292/0292.zip","","club/wallpapers/0292/0292.zip","","0292.zip",5228248,"application/zip",true,292
"0293","wallpaper","wallpaper-0293","PHONE WALLPAPER EPISODE #0293 | Smartphone Wallpaper (HD+QHD)","Download HD + QHD smartphone wallpapers for EPISODE #0293.","whatif-ep/the-club/uploads/0293/0293.zip","","club/wallpapers/0293/0293.zip","","0293.zip",6156218,"application/zip",true,293
"0294","wallpaper","wallpaper-0294","PHONE WALLPAPER EPISODE #0294 | Smartphone Wallpaper (HD+QHD)","Download HD + QHD smartphone wallpapers for EPISODE #0294.","whatif-ep/the-club/uploads/0294/0294.zip","","club/wallpapers/0294/0294.zip","","0294.zip",6242561,"application/zip",true,294
"0295","wallpaper","wallpaper-0295","PHONE WALLPAPER EPISODE #0295 | Smartphone Wallpaper (HD+QHD)","Download HD + QHD smartphone wallpapers for EPISODE #0295.","whatif-ep/the-club/uploads/0295/0295.zip","","club/wallpapers/0295/0295.zip","","0295.zip",2677571,"application/zip",true,295
"0296","wallpaper","wallpaper-0296","PHONE WALLPAPER EPISODE #0296 | Smartphone Wallpaper (HD+QHD)","Download HD + QHD smartphone wallpapers for EPISODE #0296.","whatif-ep/the-club/uploads/0296/0296.zip","","club/wallpapers/0296/0296.zip","","0296.zip",6755362,"application/zip",true,296
"0297","wallpaper","wallpaper-0297","PHONE WALLPAPER EPISODE #0297 | Smartphone Wallpaper (HD+QHD)","Download HD + QHD smartphone wallpapers for EPISODE #0297.","whatif-ep/the-club/uploads/0297/0297.zip","","club/wallpapers/0297/0297.zip","","0297.zip",6522372,"application/zip",true,297
"0298","wallpaper","wallpaper-0298","PHONE WALLPAPER EPISODE #0298 | Smartphone Wallpaper (HD+QHD)","Download HD + QHD smartphone wallpapers for EPISODE #0298.","whatif-ep/the-club/uploads/0298/0298.zip","","club/wallpapers/0298/0298.zip","","0298.zip",7044843,"application/zip",true,298
"0299","wallpaper","wallpaper-0299","PHONE WALLPAPER EPISODE #0299 | Smartphone Wallpaper (HD+QHD)","Download HD + QHD smartphone wallpapers for EPISODE #0299.","whatif-ep/the-club/uploads/0299/0299.zip","","club/wallpapers/0299/0299.zip","","0299.zip",6043216,"application/zip",true,299
"0300","wallpaper","wallpaper-0300","PHONE WALLPAPER EPISODE #0300 | Smartphone Wallpaper (HD+QHD)","Download HD + QHD smartphone wallpapers for EPISODE #0300.","whatif-ep/the-club/uploads/0300/0300.zip","","club/wallpapers/0300/0300.zip","","0300.zip",6302551,"application/zip",true,300
"0301","wallpaper","wallpaper-0301","PHONE WALLPAPER EPISODE #0301 | Smartphone Wallpaper (HD+QHD)","Download HD + QHD smartphone wallpapers for EPISODE #0301.","whatif-ep/the-club/uploads/0301/0301.zip","","club/wallpapers/0301/0301.zip","","0301.zip",5546457,"application/zip",true,301
"0302","wallpaper","wallpaper-0302","PHONE WALLPAPER EPISODE #0302 | Smartphone Wallpaper (HD+QHD)","Download HD + QHD smartphone wallpapers for EPISODE #0302.","whatif-ep/the-club/uploads/0302/0302.zip","","club/wallpapers/0302/0302.zip","","0302.zip",6034538,"application/zip",true,302
"0303","wallpaper","wallpaper-0303","PHONE WALLPAPER EPISODE #0303 | Smartphone Wallpaper (HD+QHD)","Download HD + QHD smartphone wallpapers for EPISODE #0303.","whatif-ep/the-club/uploads/0303/0303.zip","","club/wallpapers/0303/0303.zip","","0303.zip",8099254,"application/zip",true,303
"0304","wallpaper","wallpaper-0304","PHONE WALLPAPER EPISODE #0304 | Smartphone Wallpaper (HD+QHD)","Download HD + QHD smartphone wallpapers for EPISODE #0304.","whatif-ep/the-club/uploads/0304/0304.zip","","club/wallpapers/0304/0304.zip","","0304.zip",8674318,"application/zip",true,304
"0305","wallpaper","wallpaper-0305","PHONE WALLPAPER EPISODE #0305 | Smartphone Wallpaper (HD+QHD)","Download HD + QHD smartphone wallpapers for EPISODE #0305.","whatif-ep/the-club/uploads/0305/0305.zip","","club/wallpapers/0305/0305.zip","","0305.zip",8285360,"application/zip",true,305
"0306","wallpaper","wallpaper-0306","PHONE WALLPAPER EPISODE #0306 | Smartphone Wallpaper (HD+QHD)","Download HD + QHD smartphone wallpapers for EPISODE #0306.","whatif-ep/the-club/uploads/0306/0306.zip","","club/wallpapers/0306/0306.zip","","0306.zip",8709023,"application/zip",true,306
"0307","wallpaper","wallpaper-0307","PHONE WALLPAPER EPISODE #0307 | Smartphone Wallpaper (HD+QHD)","Download HD + QHD smartphone wallpapers for EPISODE #0307.","whatif-ep/the-club/uploads/0307/0307.zip","","club/wallpapers/0307/0307.zip","","0307.zip",6518182,"application/zip",true,307
"0308","wallpaper","wallpaper-0308","PHONE WALLPAPER EPISODE #0308 | Smartphone Wallpaper (HD+QHD)","Download HD + QHD smartphone wallpapers for EPISODE #0308.","whatif-ep/the-club/uploads/0308/0308.zip","","club/wallpapers/0308/0308.zip","","0308.zip",7593584,"application/zip",true,308
"0309","wallpaper","wallpaper-0309","PHONE WALLPAPER EPISODE #0309 | Smartphone Wallpaper (HD+QHD)","Download HD + QHD smartphone wallpapers for EPISODE #0309.","whatif-ep/the-club/uploads/0309/0309.zip","","club/wallpapers/0309/0309.zip","","0309.zip",7413781,"application/zip",true,309
"0310","wallpaper","wallpaper-0310","PHONE WALLPAPER EPISODE #0310 | Smartphone Wallpaper (HD+QHD)","Download HD + QHD smartphone wallpapers for EPISODE #0310.","whatif-ep/the-club/uploads/0310/0310.zip","","club/wallpapers/0310/0310.zip","","0310.zip",4104375,"application/zip",true,310
"0311","wallpaper","wallpaper-0311","PHONE WALLPAPER EPISODE #0311 | Smartphone Wallpaper (HD+QHD)","Download HD + QHD smartphone wallpapers for EPISODE #0311.","whatif-ep/the-club/uploads/0311/0311.zip","whatif-ep/the-club/uploads/0311/0311thumb.jpg","club/wallpapers/0311/0311.zip","club/wallpapers/0311/0311thumb.jpg","0311.zip",5350141,"application/zip",true,311
"0312","wallpaper","wallpaper-0312","PHONE WALLPAPER EPISODE #0312 | Smartphone Wallpaper (HD+QHD)","Download HD + QHD smartphone wallpapers for EPISODE #0312.","whatif-ep/the-club/uploads/0312/0312.zip","whatif-ep/the-club/uploads/0312/0312thumb.jpg","club/wallpapers/0312/0312.zip","club/wallpapers/0312/0312thumb.jpg","0312.zip",7766319,"application/zip",true,312
"0313","wallpaper","wallpaper-0313","PHONE WALLPAPER EPISODE #0313 | Smartphone Wallpaper (HD+QHD)","Download HD + QHD smartphone wallpapers for EPISODE #0313.","whatif-ep/the-club/uploads/0313/0313.zip","whatif-ep/the-club/uploads/0313/0313thumb.jpg","club/wallpapers/0313/0313.zip","club/wallpapers/0313/0313thumb.jpg","0313.zip",6258556,"application/zip",true,313
"0314","wallpaper","wallpaper-0314","PHONE WALLPAPER EPISODE #0314 | Smartphone Wallpaper (HD+QHD)","Download HD + QHD smartphone wallpapers for EPISODE #0314.","whatif-ep/the-club/uploads/0314/0314.zip","whatif-ep/the-club/uploads/0314/0314thumb.jpg","club/wallpapers/0314/0314.zip","club/wallpapers/0314/0314thumb.jpg","0314.zip",4780976,"application/zip",true,314
"0315","wallpaper","wallpaper-0315","PHONE WALLPAPER EPISODE #0315 | Smartphone Wallpaper (HD+QHD)","Download HD + QHD smartphone wallpapers for EPISODE #0315.","whatif-ep/the-club/uploads/0315/0315.zip","whatif-ep/the-club/uploads/0315/0315thumb.jpg","club/wallpapers/0315/0315.zip","club/wallpapers/0315/0315thumb.jpg","0315.zip",6783362,"application/zip",true,315
"0316","wallpaper","wallpaper-0316","PHONE WALLPAPER EPISODE #0316 | Smartphone Wallpaper (HD+QHD)","Download HD + QHD smartphone wallpapers for EPISODE #0316.","whatif-ep/the-club/uploads/0316/0316.zip","whatif-ep/the-club/uploads/0316/0316thumb.jpg","club/wallpapers/0316/0316.zip","club/wallpapers/0316/0316thumb.jpg","0316.zip",5504845,"application/zip",true,316
"0317","wallpaper","wallpaper-0317","PHONE WALLPAPER EPISODE #0317 | Smartphone Wallpaper (HD+QHD)","Download HD + QHD smartphone wallpapers for EPISODE #0317.","whatif-ep/the-club/uploads/0317/0317.zip","whatif-ep/the-club/uploads/0317/0317thumb.jpg","club/wallpapers/0317/0317.zip","club/wallpapers/0317/0317thumb.jpg","0317.zip",3926528,"application/zip",true,317
"0318","wallpaper","wallpaper-0318","PHONE WALLPAPER EPISODE #0318 | Smartphone Wallpaper (HD+QHD)","Download HD + QHD smartphone wallpapers for EPISODE #0318.","whatif-ep/the-club/uploads/0318/0318.zip","whatif-ep/the-club/uploads/0318/0318thumb.jpg","club/wallpapers/0318/0318.zip","club/wallpapers/0318/0318thumb.jpg","0318.zip",4661654,"application/zip",true,318
"0319","wallpaper","wallpaper-0319","PHONE WALLPAPER EPISODE #0319 | Smartphone Wallpaper (HD+QHD)","Download HD + QHD smartphone wallpapers for EPISODE #0319.","whatif-ep/the-club/uploads/0319/0319.zip","whatif-ep/the-club/uploads/0319/0319thumb.jpg","club/wallpapers/0319/0319.zip","club/wallpapers/0319/0319thumb.jpg","0319.zip",4702917,"application/zip",true,319
"0320","wallpaper","wallpaper-0320","PHONE WALLPAPER EPISODE #0320 | Smartphone Wallpaper (HD+QHD)","Download HD + QHD smartphone wallpapers for EPISODE #0320.","whatif-ep/the-club/uploads/0320/0320.zip","whatif-ep/the-club/uploads/0320/0320thumb.jpg","club/wallpapers/0320/0320.zip","club/wallpapers/0320/0320thumb.jpg","0320.zip",3305511,"application/zip",true,320
"0321","wallpaper","wallpaper-0321","PHONE WALLPAPER EPISODE #0321 | Smartphone Wallpaper (HD+QHD)","Download HD + QHD smartphone wallpapers for EPISODE #0321.","whatif-ep/the-club/uploads/0321/0321.zip","whatif-ep/the-club/uploads/0321/0321thumb.jpg","club/wallpapers/0321/0321.zip","club/wallpapers/0321/0321thumb.jpg","0321.zip",6512393,"application/zip",true,321
"0322","wallpaper","wallpaper-0322","PHONE WALLPAPER EPISODE #0322 | Smartphone Wallpaper (HD+QHD)","Download HD + QHD smartphone wallpapers for EPISODE #0322.","whatif-ep/the-club/uploads/0322/0322.zip","whatif-ep/the-club/uploads/0322/0322thumb.jpg","club/wallpapers/0322/0322.zip","club/wallpapers/0322/0322thumb.jpg","0322.zip",4081225,"application/zip",true,322
"0323","wallpaper","wallpaper-0323","PHONE WALLPAPER EPISODE #0323 | Smartphone Wallpaper (HD+QHD)","Download HD + QHD smartphone wallpapers for EPISODE #0323.","whatif-ep/the-club/uploads/0323/0323.zip","whatif-ep/the-club/uploads/0323/0323thumb.jpg","club/wallpapers/0323/0323.zip","club/wallpapers/0323/0323thumb.jpg","0323.zip",4730257,"application/zip",true,323
"0324","wallpaper","wallpaper-0324","PHONE WALLPAPER EPISODE #0324 | Smartphone Wallpaper (HD+QHD)","Download HD + QHD smartphone wallpapers for EPISODE #0324.","whatif-ep/the-club/uploads/0324/0324.zip","whatif-ep/the-club/uploads/0324/0324thumb.jpg","club/wallpapers/0324/0324.zip","club/wallpapers/0324/0324thumb.jpg","0324.zip",3435189,"application/zip",true,324
"0325","wallpaper","wallpaper-0325","PHONE WALLPAPER EPISODE #0325 | Smartphone Wallpaper (HD+QHD)","Download HD + QHD smartphone wallpapers for EPISODE #0325.","whatif-ep/the-club/uploads/0325/0325.zip","whatif-ep/the-club/uploads/0325/0325thumb.jpg","club/wallpapers/0325/0325.zip","club/wallpapers/0325/0325thumb.jpg","0325.zip",5236989,"application/zip",true,325
"0326","wallpaper","wallpaper-0326","PHONE WALLPAPER EPISODE #0326 | Smartphone Wallpaper (HD+QHD)","Download HD + QHD smartphone wallpapers for EPISODE #0326.","whatif-ep/the-club/uploads/0326/0326.zip","whatif-ep/the-club/uploads/0326/0326thumb.jpg","club/wallpapers/0326/0326.zip","club/wallpapers/0326/0326thumb.jpg","0326.zip",4744870,"application/zip",true,326
"0327","wallpaper","wallpaper-0327","PHONE WALLPAPER EPISODE #0327 | Smartphone Wallpaper (HD+QHD)","Download HD + QHD smartphone wallpapers for EPISODE #0327.","whatif-ep/the-club/uploads/0327/0327.zip","whatif-ep/the-club/uploads/0327/0327thumb.jpg","club/wallpapers/0327/0327.zip","club/wallpapers/0327/0327thumb.jpg","0327.zip",4198084,"application/zip",true,327
"0328","wallpaper","wallpaper-0328","PHONE WALLPAPER EPISODE #0328 | Smartphone Wallpaper (HD+QHD)","Download HD + QHD smartphone wallpapers for EPISODE #0328.","whatif-ep/the-club/uploads/0328/0328.zip","whatif-ep/the-club/uploads/0328/0328thumb.jpg","club/wallpapers/0328/0328.zip","club/wallpapers/0328/0328thumb.jpg","0328.zip",4483900,"application/zip",true,328
"0329","wallpaper","wallpaper-0329","PHONE WALLPAPER EPISODE #0329 | Smartphone Wallpaper (HD+QHD)","Download HD + QHD smartphone wallpapers for EPISODE #0329.","whatif-ep/the-club/uploads/0329/0329.zip","whatif-ep/the-club/uploads/0329/0329thumb.jpg","club/wallpapers/0329/0329.zip","club/wallpapers/0329/0329thumb.jpg","0329.zip",8318003,"application/zip",true,329
"0330","wallpaper","wallpaper-0330","PHONE WALLPAPER EPISODE #0330 | Smartphone Wallpaper (HD+QHD)","Download HD + QHD smartphone wallpapers for EPISODE #0330.","whatif-ep/the-club/uploads/0330/0330.zip","whatif-ep/the-club/uploads/0330/0330thumb.jpg","club/wallpapers/0330/0330.zip","club/wallpapers/0330/0330thumb.jpg","0330.zip",7371270,"application/zip",true,330
"0331","wallpaper","wallpaper-0331","PHONE WALLPAPER EPISODE #0331 | Smartphone Wallpaper (HD+QHD)","Download HD + QHD smartphone wallpapers for EPISODE #0331.","whatif-ep/the-club/uploads/0331/0331.zip","whatif-ep/the-club/uploads/0331/0331thumb.jpg","club/wallpapers/0331/0331.zip","club/wallpapers/0331/0331thumb.jpg","0331.zip",4352012,"application/zip",true,331
"0332","wallpaper","wallpaper-0332","PHONE WALLPAPER EPISODE #0332 | Smartphone Wallpaper (HD+QHD)","Download HD + QHD smartphone wallpapers for EPISODE #0332.","whatif-ep/the-club/uploads/0332/0332.zip","whatif-ep/the-club/uploads/0332/0332thumb.jpg","club/wallpapers/0332/0332.zip","club/wallpapers/0332/0332thumb.jpg","0332.zip",5183133,"application/zip",true,332
"0333","wallpaper","wallpaper-0333","PHONE WALLPAPER EPISODE #0333 | Smartphone Wallpaper (HD+QHD)","Download HD + QHD smartphone wallpapers for EPISODE #0333.","whatif-ep/the-club/uploads/0333/0333.zip","whatif-ep/the-club/uploads/0333/0333thumb.jpg","club/wallpapers/0333/0333.zip","club/wallpapers/0333/0333thumb.jpg","0333.zip",6388962,"application/zip",true,333
"0334","wallpaper","wallpaper-0334","PHONE WALLPAPER EPISODE #0334 | Smartphone Wallpaper (HD+QHD)","Download HD + QHD smartphone wallpapers for EPISODE #0334.","whatif-ep/the-club/uploads/0334/0334.zip","whatif-ep/the-club/uploads/0334/0334thumb.jpg","club/wallpapers/0334/0334.zip","club/wallpapers/0334/0334thumb.jpg","0334.zip",4002261,"application/zip",true,334
"0335","wallpaper","wallpaper-0335","PHONE WALLPAPER EPISODE #0335 | Smartphone Wallpaper (HD+QHD)","Download HD + QHD smartphone wallpapers for EPISODE #0335.","whatif-ep/the-club/uploads/0335/0335.zip","whatif-ep/the-club/uploads/0335/0335thumb.jpg","club/wallpapers/0335/0335.zip","club/wallpapers/0335/0335thumb.jpg","0335.zip",5864516,"application/zip",true,335
"0336","wallpaper","wallpaper-0336","PHONE WALLPAPER EPISODE #0336 | Smartphone Wallpaper (HD+QHD)","Download HD + QHD smartphone wallpapers for EPISODE #0336.","whatif-ep/the-club/uploads/0336/0336.zip","whatif-ep/the-club/uploads/0336/0336thumb.jpg","club/wallpapers/0336/0336.zip","club/wallpapers/0336/0336thumb.jpg","0336.zip",4261610,"application/zip",true,336
"0337","wallpaper","wallpaper-0337","PHONE WALLPAPER EPISODE #0337 | Smartphone Wallpaper (HD+QHD)","Download HD + QHD smartphone wallpapers for EPISODE #0337.","whatif-ep/the-club/uploads/0337/0337.zip","whatif-ep/the-club/uploads/0337/0337thumb.jpg","club/wallpapers/0337/0337.zip","club/wallpapers/0337/0337thumb.jpg","0337.zip",4663790,"application/zip",true,337
"0338","wallpaper","wallpaper-0338","PHONE WALLPAPER EPISODE #0338 | Smartphone Wallpaper (HD+QHD)","Download HD + QHD smartphone wallpapers for EPISODE #0338.","whatif-ep/the-club/uploads/0338/0338.zip","whatif-ep/the-club/uploads/0338/0338thumb.jpg","club/wallpapers/0338/0338.zip","club/wallpapers/0338/0338thumb.jpg","0338.zip",4785874,"application/zip",true,338
"0339","wallpaper","wallpaper-0339","PHONE WALLPAPER EPISODE #0339 | Smartphone Wallpaper (HD+QHD)","Download HD + QHD smartphone wallpapers for EPISODE #0339.","whatif-ep/the-club/uploads/0339/0339.zip","whatif-ep/the-club/uploads/0339/0339thumb.jpg","club/wallpapers/0339/0339.zip","club/wallpapers/0339/0339thumb.jpg","0339.zip",4511514,"application/zip",true,339
"0340","wallpaper","wallpaper-0340","PHONE WALLPAPER EPISODE #0340 | Smartphone Wallpaper (HD+QHD)","Download HD + QHD smartphone wallpapers for EPISODE #0340.","whatif-ep/the-club/uploads/0340/0340.zip","whatif-ep/the-club/uploads/0340/0340thumb.jpg","club/wallpapers/0340/0340.zip","club/wallpapers/0340/0340thumb.jpg","0340.zip",4945366,"application/zip",true,340
"0341","wallpaper","wallpaper-0341","PHONE WALLPAPER EPISODE #0341 | Smartphone Wallpaper (HD+QHD)","Download HD + QHD smartphone wallpapers for EPISODE #0341.","whatif-ep/the-club/uploads/0341/0341.zip","whatif-ep/the-club/uploads/0341/0341thumb.jpg","club/wallpapers/0341/0341.zip","club/wallpapers/0341/0341thumb.jpg","0341.zip",4355416,"application/zip",true,341
"0342","wallpaper","wallpaper-0342","PHONE WALLPAPER EPISODE #0342 | Smartphone Wallpaper (HD+QHD)","Download HD + QHD smartphone wallpapers for EPISODE #0342.","whatif-ep/the-club/uploads/0342/0342.zip","whatif-ep/the-club/uploads/0342/0342thumb.jpg","club/wallpapers/0342/0342.zip","club/wallpapers/0342/0342thumb.jpg","0342.zip",4487301,"application/zip",true,342
"0343","wallpaper","wallpaper-0343","PHONE WALLPAPER EPISODE #0343 | Smartphone Wallpaper (HD+QHD)","Download HD + QHD smartphone wallpapers for EPISODE #0343.","whatif-ep/the-club/uploads/0343/0343.zip","whatif-ep/the-club/uploads/0343/0343thumb.jpg","club/wallpapers/0343/0343.zip","club/wallpapers/0343/0343thumb.jpg","0343.zip",2687462,"application/zip",true,343
"0344","wallpaper","wallpaper-0344","PHONE WALLPAPER EPISODE #0344 | Smartphone Wallpaper (HD+QHD)","Download HD + QHD smartphone wallpapers for EPISODE #0344.","whatif-ep/the-club/uploads/0344/0344.zip","whatif-ep/the-club/uploads/0344/0344thumb.jpg","club/wallpapers/0344/0344.zip","club/wallpapers/0344/0344thumb.jpg","0344.zip",4507464,"application/zip",true,344
"0345","wallpaper","wallpaper-0345","PHONE WALLPAPER EPISODE #0345 | Smartphone Wallpaper (HD+QHD)","Download HD + QHD smartphone wallpapers for EPISODE #0345.","whatif-ep/the-club/uploads/0345/0345.zip","whatif-ep/the-club/uploads/0345/0345thumb.jpg","club/wallpapers/0345/0345.zip","club/wallpapers/0345/0345thumb.jpg","0345.zip",4362679,"application/zip",true,345
"0346","wallpaper","wallpaper-0346","PHONE WALLPAPER EPISODE #0346 | Smartphone Wallpaper (HD+QHD)","Download HD + QHD smartphone wallpapers for EPISODE #0346.","whatif-ep/the-club/uploads/0346/0346.zip","whatif-ep/the-club/uploads/0346/0346thumb.jpg","club/wallpapers/0346/0346.zip","club/wallpapers/0346/0346thumb.jpg","0346.zip",4087267,"application/zip",true,346
"0347","wallpaper","wallpaper-0347","PHONE WALLPAPER EPISODE #0347 | Smartphone Wallpaper (HD+QHD)","Download HD + QHD smartphone wallpapers for EPISODE #0347.","whatif-ep/the-club/uploads/0347/0347.zip","whatif-ep/the-club/uploads/0347/0347thumb.jpg","club/wallpapers/0347/0347.zip","club/wallpapers/0347/0347thumb.jpg","0347.zip",3482981,"application/zip",true,347
"0348","wallpaper","wallpaper-0348","PHONE WALLPAPER EPISODE #0348 | Smartphone Wallpaper (HD+QHD)","Download HD + QHD smartphone wallpapers for EPISODE #0348.","whatif-ep/the-club/uploads/0348/0348.zip","whatif-ep/the-club/uploads/0348/0348thumb.jpg","club/wallpapers/0348/0348.zip","club/wallpapers/0348/0348thumb.jpg","0348.zip",3524773,"application/zip",true,348
"0349","wallpaper","wallpaper-0349","PHONE WALLPAPER EPISODE #0349 | Smartphone Wallpaper (HD+QHD)","Download HD + QHD smartphone wallpapers for EPISODE #0349.","whatif-ep/the-club/uploads/0349/0349.zip","whatif-ep/the-club/uploads/0349/0349thumb.jpg","club/wallpapers/0349/0349.zip","club/wallpapers/0349/0349thumb.jpg","0349.zip",5158180,"application/zip",true,349
"0350","wallpaper","wallpaper-0350","PHONE WALLPAPER EPISODE #0350 | Smartphone Wallpaper (HD+QHD)","Download HD + QHD smartphone wallpapers for EPISODE #0350.","whatif-ep/the-club/uploads/0350/0350.zip","whatif-ep/the-club/uploads/0350/0350thumb.jpg","club/wallpapers/0350/0350.zip","club/wallpapers/0350/0350thumb.jpg","0350.zip",4135145,"application/zip",true,350
"0351","wallpaper","wallpaper-0351","PHONE WALLPAPER EPISODE #0351 | Smartphone Wallpaper (HD+QHD)","Download HD + QHD smartphone wallpapers for EPISODE #0351.","whatif-ep/the-club/uploads/0351/0351.zip","whatif-ep/the-club/uploads/0351/0351thumb.jpg","club/wallpapers/0351/0351.zip","club/wallpapers/0351/0351thumb.jpg","0351.zip",4558703,"application/zip",true,351
"0352","wallpaper","wallpaper-0352","PHONE WALLPAPER EPISODE #0352 | Smartphone Wallpaper (HD+QHD)","Download HD + QHD smartphone wallpapers for EPISODE #0352.","whatif-ep/the-club/uploads/0352/0352.zip","whatif-ep/the-club/uploads/0352/0352thumb.jpg","club/wallpapers/0352/0352.zip","club/wallpapers/0352/0352thumb.jpg","0352.zip",7873829,"application/zip",true,352
"0353","wallpaper","wallpaper-0353","PHONE WALLPAPER EPISODE #0353 | Smartphone Wallpaper (HD+QHD)","Download HD + QHD smartphone wallpapers for EPISODE #0353.","whatif-ep/the-club/uploads/0353/0353.zip","whatif-ep/the-club/uploads/0353/0353thumb.jpg","club/wallpapers/0353/0353.zip","club/wallpapers/0353/0353thumb.jpg","0353.zip",4147859,"application/zip",true,353
"0354","wallpaper","wallpaper-0354","PHONE WALLPAPER EPISODE #0354 | Smartphone Wallpaper (HD+QHD)","Download HD + QHD smartphone wallpapers for EPISODE #0354.","whatif-ep/the-club/uploads/0354/0354.zip","whatif-ep/the-club/uploads/0354/0354thumb.jpg","club/wallpapers/0354/0354.zip","club/wallpapers/0354/0354thumb.jpg","0354.zip",6326442,"application/zip",true,354
"0355","wallpaper","wallpaper-0355","PHONE WALLPAPER EPISODE #0355 | Smartphone Wallpaper (HD+QHD)","Download HD + QHD smartphone wallpapers for EPISODE #0355.","whatif-ep/the-club/uploads/0355/0355.zip","whatif-ep/the-club/uploads/0355/0355thumb.jpg","club/wallpapers/0355/0355.zip","club/wallpapers/0355/0355thumb.jpg","0355.zip",4230211,"application/zip",true,355
"0356","wallpaper","wallpaper-0356","PHONE WALLPAPER EPISODE #0356 | Smartphone Wallpaper (HD+QHD)","Download HD + QHD smartphone wallpapers for EPISODE #0356.","whatif-ep/the-club/uploads/0356/0356.zip","whatif-ep/the-club/uploads/0356/0356thumb.jpg","club/wallpapers/0356/0356.zip","club/wallpapers/0356/0356thumb.jpg","0356.zip",4724861,"application/zip",true,356
"0357","wallpaper","wallpaper-0357","PHONE WALLPAPER EPISODE #0357 | Smartphone Wallpaper (HD+QHD)","Download HD + QHD smartphone wallpapers for EPISODE #0357.","whatif-ep/the-club/uploads/0357/0357.zip","whatif-ep/the-club/uploads/0357/0357thumb.jpg","club/wallpapers/0357/0357.zip","club/wallpapers/0357/0357thumb.jpg","0357.zip",6126130,"application/zip",true,357
"0358","wallpaper","wallpaper-0358","PHONE WALLPAPER EPISODE #0358 | Smartphone Wallpaper (HD+QHD)","Download HD + QHD smartphone wallpapers for EPISODE #0358.","whatif-ep/the-club/uploads/0358/0358.zip","whatif-ep/the-club/uploads/0358/0358thumb.jpg","club/wallpapers/0358/0358.zip","club/wallpapers/0358/0358thumb.jpg","0358.zip",5142083,"application/zip",true,358
"0359","wallpaper","wallpaper-0359","PHONE WALLPAPER EPISODE #0359 | Smartphone Wallpaper (HD+QHD)","Download HD + QHD smartphone wallpapers for EPISODE #0359.","whatif-ep/the-club/uploads/0359/0359.zip","whatif-ep/the-club/uploads/0359/0359thumb.jpg","club/wallpapers/0359/0359.zip","club/wallpapers/0359/0359thumb.jpg","0359.zip",3959450,"application/zip",true,359
"0360","wallpaper","wallpaper-0360","PHONE WALLPAPER EPISODE #0360 | Smartphone Wallpaper (HD+QHD)","Download HD + QHD smartphone wallpapers for EPISODE #0360.","whatif-ep/the-club/uploads/0360/0360.zip","whatif-ep/the-club/uploads/0360/0360thumb.jpg","club/wallpapers/0360/0360.zip","club/wallpapers/0360/0360thumb.jpg","0360.zip",3621395,"application/zip",true,360
"0361","wallpaper","wallpaper-0361","PHONE WALLPAPER EPISODE #0361 | Smartphone Wallpaper (HD+QHD)","Download HD + QHD smartphone wallpapers for EPISODE #0361.","whatif-ep/the-club/uploads/0361/0361.zip","whatif-ep/the-club/uploads/0361/0361thumb.jpg","club/wallpapers/0361/0361.zip","club/wallpapers/0361/0361thumb.jpg","0361.zip",5958741,"application/zip",true,361
"0362","wallpaper","wallpaper-0362","PHONE WALLPAPER EPISODE #0362 | Smartphone Wallpaper (HD+QHD)","Download HD + QHD smartphone wallpapers for EPISODE #0362.","whatif-ep/the-club/uploads/0362/0362.zip","whatif-ep/the-club/uploads/0362/0362thumb.jpg","club/wallpapers/0362/0362.zip","club/wallpapers/0362/0362thumb.jpg","0362.zip",4096066,"application/zip",true,362
"0363","wallpaper","wallpaper-0363","PHONE WALLPAPER EPISODE #0363 | Smartphone Wallpaper (HD+QHD)","Download HD + QHD smartphone wallpapers for EPISODE #0363.","whatif-ep/the-club/uploads/0363/0363.zip","whatif-ep/the-club/uploads/0363/0363thumb.jpg","club/wallpapers/0363/0363.zip","club/wallpapers/0363/0363thumb.jpg","0363.zip",4359820,"application/zip",true,363
"0364","wallpaper","wallpaper-0364","PHONE WALLPAPER EPISODE #0364 | Smartphone Wallpaper (HD+QHD)","Download HD + QHD smartphone wallpapers for EPISODE #0364.","whatif-ep/the-club/uploads/0364/0364.zip","whatif-ep/the-club/uploads/0364/0364thumb.jpg","club/wallpapers/0364/0364.zip","club/wallpapers/0364/0364thumb.jpg","0364.zip",3473712,"application/zip",true,364
"0365","wallpaper","wallpaper-0365","PHONE WALLPAPER EPISODE #0365 | Smartphone Wallpaper (HD+QHD)","Download HD + QHD smartphone wallpapers for EPISODE #0365.","whatif-ep/the-club/uploads/0365/0365.zip","whatif-ep/the-club/uploads/0365/0365thumb.jpg","club/wallpapers/0365/0365.zip","club/wallpapers/0365/0365thumb.jpg","0365.zip",5786246,"application/zip",true,365
"0366","wallpaper","wallpaper-0366","PHONE WALLPAPER EPISODE #0366 | Smartphone Wallpaper (HD+QHD)","Download HD + QHD smartphone wallpapers for EPISODE #0366.","whatif-ep/the-club/uploads/0366/0366.zip","whatif-ep/the-club/uploads/0366/0366thumb.jpg","club/wallpapers/0366/0366.zip","club/wallpapers/0366/0366thumb.jpg","0366.zip",5131016,"application/zip",true,366
"0367","wallpaper","wallpaper-0367","PHONE WALLPAPER EPISODE #0367 | Smartphone Wallpaper (HD+QHD)","Download HD + QHD smartphone wallpapers for EPISODE #0367.","whatif-ep/the-club/uploads/0367/0367.zip","whatif-ep/the-club/uploads/0367/0367thumb.jpg","club/wallpapers/0367/0367.zip","club/wallpapers/0367/0367thumb.jpg","0367.zip",5583871,"application/zip",true,367
"0368","wallpaper","wallpaper-0368","PHONE WALLPAPER EPISODE #0368 | Smartphone Wallpaper (HD+QHD)","Download HD + QHD smartphone wallpapers for EPISODE #0368.","whatif-ep/the-club/uploads/0368/0368.zip","whatif-ep/the-club/uploads/0368/0368thumb.jpg","club/wallpapers/0368/0368.zip","club/wallpapers/0368/0368thumb.jpg","0368.zip",5427288,"application/zip",true,368
"0369","wallpaper","wallpaper-0369","PHONE WALLPAPER EPISODE #0369 | Smartphone Wallpaper (HD+QHD)","Download HD + QHD smartphone wallpapers for EPISODE #0369.","whatif-ep/the-club/uploads/0369/0369.zip","whatif-ep/the-club/uploads/0369/0369thumb.jpg","club/wallpapers/0369/0369.zip","club/wallpapers/0369/0369thumb.jpg","0369.zip",2660986,"application/zip",true,369
"0370","wallpaper","wallpaper-0370","PHONE WALLPAPER EPISODE #0370 | Smartphone Wallpaper (HD+QHD)","Download HD + QHD smartphone wallpapers for EPISODE #0370.","whatif-ep/the-club/uploads/0370/0370.zip","whatif-ep/the-club/uploads/0370/0370thumb.jpg","club/wallpapers/0370/0370.zip","club/wallpapers/0370/0370thumb.jpg","0370.zip",5442387,"application/zip",true,370
"0371","wallpaper","wallpaper-0371","PHONE WALLPAPER EPISODE #0371 | Smartphone Wallpaper (HD+QHD)","Download HD + QHD smartphone wallpapers for EPISODE #0371.","whatif-ep/the-club/uploads/0371/0371.zip","whatif-ep/the-club/uploads/0371/0371thumb.jpg","club/wallpapers/0371/0371.zip","club/wallpapers/0371/0371thumb.jpg","0371.zip",5614261,"application/zip",true,371
"0372","wallpaper","wallpaper-0372","PHONE WALLPAPER EPISODE #0372 | Smartphone Wallpaper (HD+QHD)","Download HD + QHD smartphone wallpapers for EPISODE #0372.","whatif-ep/the-club/uploads/0372/0372.zip","whatif-ep/the-club/uploads/0372/0372thumb.jpg","club/wallpapers/0372/0372.zip","club/wallpapers/0372/0372thumb.jpg","0372.zip",4804252,"application/zip",true,372
"0373","wallpaper","wallpaper-0373","PHONE WALLPAPER EPISODE #0373 | Smartphone Wallpaper (HD+QHD)","Download HD + QHD smartphone wallpapers for EPISODE #0373.","whatif-ep/the-club/uploads/0373/0373.zip","whatif-ep/the-club/uploads/0373/0373thumb.jpg","club/wallpapers/0373/0373.zip","club/wallpapers/0373/0373thumb.jpg","0373.zip",5076323,"application/zip",true,373
"0374","wallpaper","wallpaper-0374","PHONE WALLPAPER EPISODE #0374 | Smartphone Wallpaper (HD+QHD)","Download HD + QHD smartphone wallpapers for EPISODE #0374.","whatif-ep/the-club/uploads/0374/0374.zip","whatif-ep/the-club/uploads/0374/0374thumb.jpg","club/wallpapers/0374/0374.zip","club/wallpapers/0374/0374thumb.jpg","0374.zip",7594537,"application/zip",true,374
"0375","wallpaper","wallpaper-0375","PHONE WALLPAPER EPISODE #0375 | Smartphone Wallpaper (HD+QHD)","Download HD + QHD smartphone wallpapers for EPISODE #0375.","whatif-ep/the-club/uploads/0375/0375.zip","whatif-ep/the-club/uploads/0375/0375thumb.jpg","club/wallpapers/0375/0375.zip","club/wallpapers/0375/0375thumb.jpg","0375.zip",6794040,"application/zip",true,375
"0376","wallpaper","wallpaper-0376","PHONE WALLPAPER EPISODE #0376 | Smartphone Wallpaper (HD+QHD)","Download HD + QHD smartphone wallpapers for EPISODE #0376.","whatif-ep/the-club/uploads/0376/0376.zip","whatif-ep/the-club/uploads/0376/0376thumb.jpg","club/wallpapers/0376/0376.zip","club/wallpapers/0376/0376thumb.jpg","0376.zip",6737562,"application/zip",true,376
"0377","wallpaper","wallpaper-0377","PHONE WALLPAPER EPISODE #0377 | Smartphone Wallpaper (HD+QHD)","Download HD + QHD smartphone wallpapers for EPISODE #0377.","whatif-ep/the-club/uploads/0377/0377.zip","whatif-ep/the-club/uploads/0377/0377thumb.jpg","club/wallpapers/0377/0377.zip","club/wallpapers/0377/0377thumb.jpg","0377.zip",6151913,"application/zip",true,377
"0378","wallpaper","wallpaper-0378","PHONE WALLPAPER EPISODE #0378 | Smartphone Wallpaper (HD+QHD)","Download HD + QHD smartphone wallpapers for EPISODE #0378.","whatif-ep/the-club/uploads/0378/0378.zip","whatif-ep/the-club/uploads/0378/0378thumb.jpg","club/wallpapers/0378/0378.zip","club/wallpapers/0378/0378thumb.jpg","0378.zip",1877989,"application/zip",true,378
"0379","wallpaper","wallpaper-0379","PHONE WALLPAPER EPISODE #0379 | Smartphone Wallpaper (HD+QHD)","Download HD + QHD smartphone wallpapers for EPISODE #0379.","whatif-ep/the-club/uploads/0379/0379.zip","whatif-ep/the-club/uploads/0379/0379thumb.jpg","club/wallpapers/0379/0379.zip","club/wallpapers/0379/0379thumb.jpg","0379.zip",6727128,"application/zip",true,379
"0380","wallpaper","wallpaper-0380","PHONE WALLPAPER EPISODE #0380 | Smartphone Wallpaper (HD+QHD)","Download HD + QHD smartphone wallpapers for EPISODE #0380.","whatif-ep/the-club/uploads/0380/0380.zip","whatif-ep/the-club/uploads/0380/0380thumb.jpg","club/wallpapers/0380/0380.zip","club/wallpapers/0380/0380thumb.jpg","0380.zip",5060986,"application/zip",true,380
"0381","wallpaper","wallpaper-0381","PHONE WALLPAPER EPISODE #0381 | Smartphone Wallpaper (HD+QHD)","Download HD + QHD smartphone wallpapers for EPISODE #0381.","whatif-ep/the-club/uploads/0381/0381.zip","whatif-ep/the-club/uploads/0381/0381thumb.jpg","club/wallpapers/0381/0381.zip","club/wallpapers/0381/0381thumb.jpg","0381.zip",7962790,"application/zip",true,381
"0382","wallpaper","wallpaper-0382","PHONE WALLPAPER EPISODE #0382 | Smartphone Wallpaper (HD+QHD)","Download HD + QHD smartphone wallpapers for EPISODE #0382.","whatif-ep/the-club/uploads/0382/0382.zip","whatif-ep/the-club/uploads/0382/0382thumb.jpg","club/wallpapers/0382/0382.zip","club/wallpapers/0382/0382thumb.jpg","0382.zip",4484982,"application/zip",true,382
"0383","wallpaper","wallpaper-0383","PHONE WALLPAPER EPISODE #0383 | Smartphone Wallpaper (HD+QHD)","Download HD + QHD smartphone wallpapers for EPISODE #0383.","whatif-ep/the-club/uploads/0383/0383.zip","whatif-ep/the-club/uploads/0383/0383thumb.jpg","club/wallpapers/0383/0383.zip","club/wallpapers/0383/0383thumb.jpg","0383.zip",5763597,"application/zip",true,383
"0384","wallpaper","wallpaper-0384","PHONE WALLPAPER EPISODE #0384 | Smartphone Wallpaper (HD+QHD)","Download HD + QHD smartphone wallpapers for EPISODE #0384.","whatif-ep/the-club/uploads/0384/0384.zip","whatif-ep/the-club/uploads/0384/0384thumb.jpg","club/wallpapers/0384/0384.zip","club/wallpapers/0384/0384thumb.jpg","0384.zip",4657183,"application/zip",true,384
"0385","wallpaper","wallpaper-0385","PHONE WALLPAPER EPISODE #0385 | Smartphone Wallpaper (HD+QHD)","Download HD + QHD smartphone wallpapers for EPISODE #0385.","whatif-ep/the-club/uploads/0385/0385.zip","whatif-ep/the-club/uploads/0385/0385thumb.jpg","club/wallpapers/0385/0385.zip","club/wallpapers/0385/0385thumb.jpg","0385.zip",5500636,"application/zip",true,385
"0386","wallpaper","wallpaper-0386","PHONE WALLPAPER EPISODE #0386 | Smartphone Wallpaper (HD+QHD)","Download HD + QHD smartphone wallpapers for EPISODE #0386.","whatif-ep/the-club/uploads/0386/0386.zip","whatif-ep/the-club/uploads/0386/0386thumb.jpg","club/wallpapers/0386/0386.zip","club/wallpapers/0386/0386thumb.jpg","0386.zip",7051691,"application/zip",true,386
"0387","wallpaper","wallpaper-0387","PHONE WALLPAPER EPISODE #0387 | Smartphone Wallpaper (HD+QHD)","Download HD + QHD smartphone wallpapers for EPISODE #0387.","whatif-ep/the-club/uploads/0387/0387.zip","whatif-ep/the-club/uploads/0387/0387thumb.jpg","club/wallpapers/0387/0387.zip","club/wallpapers/0387/0387thumb.jpg","0387.zip",5755178,"application/zip",true,387
"0388","wallpaper","wallpaper-0388","PHONE WALLPAPER EPISODE #0388 | Smartphone Wallpaper (HD+QHD)","Download HD + QHD smartphone wallpapers for EPISODE #0388.","whatif-ep/the-club/uploads/0388/0388.zip","whatif-ep/the-club/uploads/0388/0388thumb.jpg","club/wallpapers/0388/0388.zip","club/wallpapers/0388/0388thumb.jpg","0388.zip",5194535,"application/zip",true,388
"0389","wallpaper","wallpaper-0389","PHONE WALLPAPER EPISODE #0389 | Smartphone Wallpaper (HD+QHD)","Download HD + QHD smartphone wallpapers for EPISODE #0389.","whatif-ep/the-club/uploads/0389/0389.zip","whatif-ep/the-club/uploads/0389/0389thumb.jpg","club/wallpapers/0389/0389.zip","club/wallpapers/0389/0389thumb.jpg","0389.zip",4973110,"application/zip",true,389
"0390","wallpaper","wallpaper-0390","PHONE WALLPAPER EPISODE #0390 | Smartphone Wallpaper (HD+QHD)","Download HD + QHD smartphone wallpapers for EPISODE #0390.","whatif-ep/the-club/uploads/0390/0390.zip","whatif-ep/the-club/uploads/0390/0390thumb.jpg","club/wallpapers/0390/0390.zip","club/wallpapers/0390/0390thumb.jpg","0390.zip",7595614,"application/zip",true,390
"0391","wallpaper","wallpaper-0391","PHONE WALLPAPER EPISODE #0391 | Smartphone Wallpaper (HD+QHD)","Download HD + QHD smartphone wallpapers for EPISODE #0391.","whatif-ep/the-club/uploads/0391/0391.zip","whatif-ep/the-club/uploads/0391/0391thumb.jpg","club/wallpapers/0391/0391.zip","club/wallpapers/0391/0391thumb.jpg","0391.zip",6033168,"application/zip",true,391
"0392","wallpaper","wallpaper-0392","PHONE WALLPAPER EPISODE #0392 | Smartphone Wallpaper (HD+QHD)","Download HD + QHD smartphone wallpapers for EPISODE #0392.","whatif-ep/the-club/uploads/0392/0392.zip","whatif-ep/the-club/uploads/0392/0392thumb.jpg","club/wallpapers/0392/0392.zip","club/wallpapers/0392/0392thumb.jpg","0392.zip",5425634,"application/zip",true,392
"0393","wallpaper","wallpaper-0393","PHONE WALLPAPER EPISODE #0393 | Smartphone Wallpaper (HD+QHD)","Download HD + QHD smartphone wallpapers for EPISODE #0393.","whatif-ep/the-club/uploads/0393/0393.zip","whatif-ep/the-club/uploads/0393/0393thumb.jpg","club/wallpapers/0393/0393.zip","club/wallpapers/0393/0393thumb.jpg","0393.zip",5131981,"application/zip",true,393
"0394","wallpaper","wallpaper-0394","PHONE WALLPAPER EPISODE #0394 | Smartphone Wallpaper (HD+QHD)","Download HD + QHD smartphone wallpapers for EPISODE #0394.","whatif-ep/the-club/uploads/0394/0394.zip","whatif-ep/the-club/uploads/0394/0394thumb.jpg","club/wallpapers/0394/0394.zip","club/wallpapers/0394/0394thumb.jpg","0394.zip",7692428,"application/zip",true,394
"0395","wallpaper","wallpaper-0395","PHONE WALLPAPER EPISODE #0395 | Smartphone Wallpaper (HD+QHD)","Download HD + QHD smartphone wallpapers for EPISODE #0395.","whatif-ep/the-club/uploads/0395/0395.zip","whatif-ep/the-club/uploads/0395/0395thumb.jpg","club/wallpapers/0395/0395.zip","club/wallpapers/0395/0395thumb.jpg","0395.zip",3945000,"application/zip",true,395
"0396","wallpaper","wallpaper-0396","PHONE WALLPAPER EPISODE #0396 | Smartphone Wallpaper (HD+QHD)","Download HD + QHD smartphone wallpapers for EPISODE #0396.","whatif-ep/the-club/uploads/0396/0396.zip","whatif-ep/the-club/uploads/0396/0396thumb.jpg","club/wallpapers/0396/0396.zip","club/wallpapers/0396/0396thumb.jpg","0396.zip",6236127,"application/zip",true,396
"0397","wallpaper","wallpaper-0397","PHONE WALLPAPER EPISODE #0397 | Smartphone Wallpaper (HD+QHD)","Download HD + QHD smartphone wallpapers for EPISODE #0397.","whatif-ep/the-club/uploads/0397/0397.zip","whatif-ep/the-club/uploads/0397/0397thumb.jpg","club/wallpapers/0397/0397.zip","club/wallpapers/0397/0397thumb.jpg","0397.zip",5233781,"application/zip",true,397
"0398","wallpaper","wallpaper-0398","PHONE WALLPAPER EPISODE #0398 | Smartphone Wallpaper (HD+QHD)","Download HD + QHD smartphone wallpapers for EPISODE #0398.","whatif-ep/the-club/uploads/0398/0398.zip","whatif-ep/the-club/uploads/0398/0398thumb.jpg","club/wallpapers/0398/0398.zip","club/wallpapers/0398/0398thumb.jpg","0398.zip",8585958,"application/zip",true,398
"0399","wallpaper","wallpaper-0399","PHONE WALLPAPER EPISODE #0399 | Smartphone Wallpaper (HD+QHD)","Download HD + QHD smartphone wallpapers for EPISODE #0399.","whatif-ep/the-club/uploads/0399/0399.zip","whatif-ep/the-club/uploads/0399/0399thumb.jpg","club/wallpapers/0399/0399.zip","club/wallpapers/0399/0399thumb.jpg","0399.zip",8477751,"application/zip",true,399
"0400","wallpaper","wallpaper-0400","PHONE WALLPAPER EPISODE #0400 | Smartphone Wallpaper (HD+QHD)","Download HD + QHD smartphone wallpapers for EPISODE #0400.","whatif-ep/the-club/uploads/0400/0400.zip","whatif-ep/the-club/uploads/0400/0400thumb.jpg","club/wallpapers/0400/0400.zip","club/wallpapers/0400/0400thumb.jpg","0400.zip",5122732,"application/zip",true,400
"0401","wallpaper","wallpaper-0401","PHONE WALLPAPER EPISODE #0401 | Smartphone Wallpaper (HD+QHD)","Download HD + QHD smartphone wallpapers for EPISODE #0401.","whatif-ep/the-club/uploads/0401/0401.zip","whatif-ep/the-club/uploads/0401/0401thumb.jpg","club/wallpapers/0401/0401.zip","club/wallpapers/0401/0401thumb.jpg","0401.zip",8756264,"application/zip",true,401
"0402","wallpaper","wallpaper-0402","PHONE WALLPAPER EPISODE #0402 | Smartphone Wallpaper (HD+QHD)","Download HD + QHD smartphone wallpapers for EPISODE #0402.","whatif-ep/the-club/uploads/0402/0402.zip","whatif-ep/the-club/uploads/0402/0402thumb.jpg","club/wallpapers/0402/0402.zip","club/wallpapers/0402/0402thumb.jpg","0402.zip",5817686,"application/zip",true,402
"0403","wallpaper","wallpaper-0403","PHONE WALLPAPER EPISODE #0403 | Smartphone Wallpaper (HD+QHD)","Download HD + QHD smartphone wallpapers for EPISODE #0403.","whatif-ep/the-club/uploads/0403/0403.zip","whatif-ep/the-club/uploads/0403/0403thumb.jpg","club/wallpapers/0403/0403.zip","club/wallpapers/0403/0403thumb.jpg","0403.zip",9564289,"application/zip",true,403
"0404","wallpaper","wallpaper-0404","PHONE WALLPAPER EPISODE #0404 | Smartphone Wallpaper (HD+QHD)","Download HD + QHD smartphone wallpapers for EPISODE #0404.","whatif-ep/the-club/uploads/0404/0404.zip","whatif-ep/the-club/uploads/0404/0404thumb.jpg","club/wallpapers/0404/0404.zip","club/wallpapers/0404/0404thumb.jpg","0404.zip",6825018,"application/zip",true,404
"0405","wallpaper","wallpaper-0405","PHONE WALLPAPER EPISODE #0405 | Smartphone Wallpaper (HD+QHD)","Download HD + QHD smartphone wallpapers for EPISODE #0405.","whatif-ep/the-club/uploads/0405/0405.zip","whatif-ep/the-club/uploads/0405/0405thumb.jpg","club/wallpapers/0405/0405.zip","club/wallpapers/0405/0405thumb.jpg","0405.zip",6347626,"application/zip",true,405
"0406","wallpaper","wallpaper-0406","PHONE WALLPAPER EPISODE #0406 | Smartphone Wallpaper (HD+QHD)","Download HD + QHD smartphone wallpapers for EPISODE #0406.","whatif-ep/the-club/uploads/0406/0406.zip","whatif-ep/the-club/uploads/0406/0406thumb.jpg","club/wallpapers/0406/0406.zip","club/wallpapers/0406/0406thumb.jpg","0406.zip",4544336,"application/zip",true,406
"0407","wallpaper","wallpaper-0407","PHONE WALLPAPER EPISODE #0407 | Smartphone Wallpaper (HD+QHD)","Download HD + QHD smartphone wallpapers for EPISODE #0407.","whatif-ep/the-club/uploads/0407/0407.zip","whatif-ep/the-club/uploads/0407/0407thumb.jpg","club/wallpapers/0407/0407.zip","club/wallpapers/0407/0407thumb.jpg","0407.zip",6192046,"application/zip",true,407
"0408","wallpaper","wallpaper-0408","PHONE WALLPAPER EPISODE #0408 | Smartphone Wallpaper (HD+QHD)","Download HD + QHD smartphone wallpapers for EPISODE #0408.","whatif-ep/the-club/uploads/0408/0408.zip","whatif-ep/the-club/uploads/0408/0408thumb.jpg","club/wallpapers/0408/0408.zip","club/wallpapers/0408/0408thumb.jpg","0408.zip",5582921,"application/zip",true,408
"0409","wallpaper","wallpaper-0409","PHONE WALLPAPER EPISODE #0409 | Smartphone Wallpaper (HD+QHD)","Download HD + QHD smartphone wallpapers for EPISODE #0409.","whatif-ep/the-club/uploads/0409/0409.zip","whatif-ep/the-club/uploads/0409/0409thumb.jpg","club/wallpapers/0409/0409.zip","club/wallpapers/0409/0409thumb.jpg","0409.zip",4343475,"application/zip",true,409
"0410","wallpaper","wallpaper-0410","PHONE WALLPAPER EPISODE #0410 | Smartphone Wallpaper (HD+QHD)","Download HD + QHD smartphone wallpapers for EPISODE #0410.","whatif-ep/the-club/uploads/0410/0410.zip","whatif-ep/the-club/uploads/0410/0410thumb.jpg","club/wallpapers/0410/0410.zip","club/wallpapers/0410/0410thumb.jpg","0410.zip",9177210,"application/zip",true,410
"0411","wallpaper","wallpaper-0411","PHONE WALLPAPER EPISODE #0411 | Smartphone Wallpaper (HD+QHD)","Download HD + QHD smartphone wallpapers for EPISODE #0411.","whatif-ep/the-club/uploads/0411/0411.zip","whatif-ep/the-club/uploads/0411/0411thumb.jpg","club/wallpapers/0411/0411.zip","club/wallpapers/0411/0411thumb.jpg","0411.zip",10373990,"application/zip",true,411
"0412","wallpaper","wallpaper-0412","PHONE WALLPAPER EPISODE #0412 | Smartphone Wallpaper (HD+QHD)","Download HD + QHD smartphone wallpapers for EPISODE #0412.","whatif-ep/the-club/uploads/0412/0412.zip","whatif-ep/the-club/uploads/0412/0412thumb.jpg","club/wallpapers/0412/0412.zip","club/wallpapers/0412/0412thumb.jpg","0412.zip",8439568,"application/zip",true,412
"0413","wallpaper","wallpaper-0413","PHONE WALLPAPER EPISODE #0413 | Smartphone Wallpaper (HD+QHD)","Download HD + QHD smartphone wallpapers for EPISODE #0413.","whatif-ep/the-club/uploads/0413/0413.zip","whatif-ep/the-club/uploads/0413/0413thumb.jpg","club/wallpapers/0413/0413.zip","club/wallpapers/0413/0413thumb.jpg","0413.zip",7223301,"application/zip",true,413
"0414","wallpaper","wallpaper-0414","PHONE WALLPAPER EPISODE #0414 | Smartphone Wallpaper (HD+QHD)","Download HD + QHD smartphone wallpapers for EPISODE #0414.","whatif-ep/the-club/uploads/0414/0414.zip","whatif-ep/the-club/uploads/0414/0414thumb.jpg","club/wallpapers/0414/0414.zip","club/wallpapers/0414/0414thumb.jpg","0414.zip",7120208,"application/zip",true,414
"0415","wallpaper","wallpaper-0415","PHONE WALLPAPER EPISODE #0415 | Smartphone Wallpaper (HD+QHD)","Download HD + QHD smartphone wallpapers for EPISODE #0415.","whatif-ep/the-club/uploads/0415/0415.zip","whatif-ep/the-club/uploads/0415/0415thumb.jpg","club/wallpapers/0415/0415.zip","club/wallpapers/0415/0415thumb.jpg","0415.zip",9928667,"application/zip",true,415
"0416","wallpaper","wallpaper-0416","PHONE WALLPAPER EPISODE #0416 | Smartphone Wallpaper (HD+QHD)","Download HD + QHD smartphone wallpapers for EPISODE #0416.","whatif-ep/the-club/uploads/0416/0416.zip","whatif-ep/the-club/uploads/0416/0416thumb.jpg","club/wallpapers/0416/0416.zip","club/wallpapers/0416/0416thumb.jpg","0416.zip",8244103,"application/zip",true,416
"0417","wallpaper","wallpaper-0417","PHONE WALLPAPER EPISODE #0417 | Smartphone Wallpaper (HD+QHD)","Download HD + QHD smartphone wallpapers for EPISODE #0417.","whatif-ep/the-club/uploads/0417/0417.zip","whatif-ep/the-club/uploads/0417/0417thumb.jpg","club/wallpapers/0417/0417.zip","club/wallpapers/0417/0417thumb.jpg","0417.zip",7781007,"application/zip",true,417
"0418","wallpaper","wallpaper-0418","PHONE WALLPAPER EPISODE #0418 | Smartphone Wallpaper (HD+QHD)","Download HD + QHD smartphone wallpapers for EPISODE #0418.","whatif-ep/the-club/uploads/0418/0418.zip","whatif-ep/the-club/uploads/0418/0418thumb.jpg","club/wallpapers/0418/0418.zip","club/wallpapers/0418/0418thumb.jpg","0418.zip",8560081,"application/zip",true,418
"0419","wallpaper","wallpaper-0419","PHONE WALLPAPER EPISODE #0419 | Smartphone Wallpaper (HD+QHD)","Download HD + QHD smartphone wallpapers for EPISODE #0419.","whatif-ep/the-club/uploads/0419/0419.zip","whatif-ep/the-club/uploads/0419/0419thumb.jpg","club/wallpapers/0419/0419.zip","club/wallpapers/0419/0419thumb.jpg","0419.zip",6647994,"application/zip",true,419
"0420","wallpaper","wallpaper-0420","PHONE WALLPAPER EPISODE #0420 | Smartphone Wallpaper (HD+QHD)","Download HD + QHD smartphone wallpapers for EPISODE #0420.","whatif-ep/the-club/uploads/0420/0420.zip","whatif-ep/the-club/uploads/0420/0420thumb.jpg","club/wallpapers/0420/0420.zip","club/wallpapers/0420/0420thumb.jpg","0420.zip",7613322,"application/zip",true,420
"reel_0001_The-Bush-of-Ghosts","reel","reel-0001-the-bush-of-ghosts","0001 The-Bush-of-Ghosts","Download the premium archive package for 0001 The-Bush-of-Ghosts.","whatif-ep/the-club/uploads/reel_0001_The-Bush-of-Ghosts/PWP_COLLECTION_The-Bush-of-Ghosts_HD_v2.zip","","club/reels/reel_0001_The-Bush-of-Ghosts/PWP_COLLECTION_The-Bush-of-Ghosts_HD_v2.zip","","PWP_COLLECTION_The-Bush-of-Ghosts_HD_v2.zip",17733569,"application/zip",true,100001
"reel_0002_seven","reel","reel-0002-seven","0002 seven","Download the premium archive package for 0002 seven.","whatif-ep/the-club/uploads/reel_0002_seven/PWP_Collection_Seven-Days_v2_QHD.zip","","club/reels/reel_0002_seven/PWP_Collection_Seven-Days_v2_QHD.zip","","PWP_Collection_Seven-Days_v2_QHD.zip",28562275,"application/zip",true,100002
"reel_0003_descending","reel","reel-0003-descending","0003 descending","Download the premium archive package for 0003 descending.","whatif-ep/the-club/uploads/reel_0003_descending/descending.zip","whatif-ep/the-club/uploads/reel_0003_descending/DESCENDINGthumb.jpg","club/reels/reel_0003_descending/descending.zip","club/reels/reel_0003_descending/DESCENDINGthumb.jpg","descending.zip",4732579,"application/zip",true,100003
"reel_0004_Teddy-Bearified","reel","reel-0004-teddy-bearified","0004 Teddy-Bearified","Download the premium archive package for 0004 Teddy-Bearified.","whatif-ep/the-club/uploads/reel_0004_Teddy-Bearified/Teddy-Bearified.zip","whatif-ep/the-club/uploads/reel_0004_Teddy-Bearified/Teddy-Bearifiedthumb.jpg","club/reels/reel_0004_Teddy-Bearified/Teddy-Bearified.zip","club/reels/reel_0004_Teddy-Bearified/Teddy-Bearifiedthumb.jpg","Teddy-Bearified.zip",16508575,"application/zip",true,100004
